[2026-08-10 00:00:01] local.INFO: release hold seats  
[2026-08-10 00:00:01] local.INFO: array (
  'success' => true,
  'released' => 0,
)  
[2026-08-10 00:00:35] local.ERROR: Unable to open file for reading [https://odclient.adglob.in/gst/OB262708-0005.pdf] {"exception":"[object] (Swift_IoException(code: 0): Unable to open file for reading [https://odclient.adglob.in/gst/OB262708-0005.pdf] at /home/adglob-odclient/htdocs/odclient.adglob.in/vendor/swiftmailer/swiftmailer/lib/classes/Swift/ByteStream/FileByteStream.php:131)
[stacktrace]
#0 /home/adglob-odclient/htdocs/odclient.adglob.in/vendor/swiftmailer/swiftmailer/lib/classes/Swift/ByteStream/FileByteStream.php(77): Swift_ByteStream_FileByteStream->getReadHandle()
#1 /home/adglob-odclient/htdocs/odclient.adglob.in/vendor/swiftmailer/swiftmailer/lib/classes/Swift/Mime/ContentEncoder/Base64ContentEncoder.php(40): Swift_ByteStream_FileByteStream->read()
#2 /home/adglob-odclient/htdocs/odclient.adglob.in/vendor/swiftmailer/swiftmailer/lib/classes/Swift/Mime/SimpleMimeEntity.php(555): Swift_Mime_ContentEncoder_Base64ContentEncoder->encodeByteStream()
#3 /home/adglob-odclient/htdocs/odclient.adglob.in/vendor/swiftmailer/swiftmailer/lib/classes/Swift/Mime/SimpleMimeEntity.php(532): Swift_Mime_SimpleMimeEntity->bodyToByteStream()
#4 /home/adglob-odclient/htdocs/odclient.adglob.in/vendor/swiftmailer/swiftmailer/lib/classes/Swift/Mime/SimpleMimeEntity.php(570): Swift_Mime_SimpleMimeEntity->toByteStream()
#5 /home/adglob-odclient/htdocs/odclient.adglob.in/vendor/swiftmailer/swiftmailer/lib/classes/Swift/Mime/SimpleMimeEntity.php(532): Swift_Mime_SimpleMimeEntity->bodyToByteStream()
#6 /home/adglob-odclient/htdocs/odclient.adglob.in/vendor/swiftmailer/swiftmailer/lib/classes/Swift/Mime/SimpleMessage.php(601): Swift_Mime_SimpleMimeEntity->toByteStream()
#7 /home/adglob-odclient/htdocs/odclient.adglob.in/vendor/swiftmailer/swiftmailer/lib/classes/Swift/Message.php(162): Swift_Mime_SimpleMessage->toByteStream()
#8 /home/adglob-odclient/htdocs/odclient.adglob.in/vendor/swiftmailer/swiftmailer/lib/classes/Swift/Transport/AbstractSmtpTransport.php(400): Swift_Message->toByteStream()
#9 /home/adglob-odclient/htdocs/odclient.adglob.in/vendor/swiftmailer/swiftmailer/lib/classes/Swift/Transport/AbstractSmtpTransport.php(502): Swift_Transport_AbstractSmtpTransport->streamMessage()
#10 /home/adglob-odclient/htdocs/odclient.adglob.in/vendor/swiftmailer/swiftmailer/lib/classes/Swift/Transport/AbstractSmtpTransport.php(518): Swift_Transport_AbstractSmtpTransport->doMailTransaction()
#11 /home/adglob-odclient/htdocs/odclient.adglob.in/vendor/swiftmailer/swiftmailer/lib/classes/Swift/Transport/AbstractSmtpTransport.php(206): Swift_Transport_AbstractSmtpTransport->sendTo()
#12 /home/adglob-odclient/htdocs/odclient.adglob.in/vendor/swiftmailer/swiftmailer/lib/classes/Swift/Mailer.php(71): Swift_Transport_AbstractSmtpTransport->send()
#13 /home/adglob-odclient/htdocs/odclient.adglob.in/vendor/laravel/framework/src/Illuminate/Mail/Mailer.php(521): Swift_Mailer->send()
#14 /home/adglob-odclient/htdocs/odclient.adglob.in/vendor/laravel/framework/src/Illuminate/Mail/Mailer.php(288): Illuminate\\Mail\\Mailer->sendSwiftMessage()
#15 /home/adglob-odclient/htdocs/odclient.adglob.in/app/Http/Controllers/ChannelController.php(896): Illuminate\\Mail\\Mailer->send()
#16 /home/adglob-odclient/htdocs/odclient.adglob.in/vendor/laravel/framework/src/Illuminate/Routing/Controller.php(54): App\\Http\\Controllers\\ChannelController->GSTEmailSend()
#17 /home/adglob-odclient/htdocs/odclient.adglob.in/vendor/laravel/framework/src/Illuminate/Routing/ControllerDispatcher.php(45): Illuminate\\Routing\\Controller->callAction()
#18 /home/adglob-odclient/htdocs/odclient.adglob.in/vendor/laravel/framework/src/Illuminate/Routing/Route.php(262): Illuminate\\Routing\\ControllerDispatcher->dispatch()
#19 /home/adglob-odclient/htdocs/odclient.adglob.in/vendor/laravel/framework/src/Illuminate/Routing/Route.php(205): Illuminate\\Routing\\Route->runController()
#20 /home/adglob-odclient/htdocs/odclient.adglob.in/vendor/laravel/framework/src/Illuminate/Routing/Router.php(721): Illuminate\\Routing\\Route->run()
#21 /home/adglob-odclient/htdocs/odclient.adglob.in/vendor/laravel/framework/src/Illuminate/Pipeline/Pipeline.php(128): Illuminate\\Routing\\Router->Illuminate\\Routing\\{closure}()
#22 /home/adglob-odclient/htdocs/odclient.adglob.in/app/Http/Middleware/CORS.php(12): Illuminate\\Pipeline\\Pipeline->Illuminate\\Pipeline\\{closure}()
#23 /home/adglob-odclient/htdocs/odclient.adglob.in/vendor/laravel/framework/src/Illuminate/Pipeline/Pipeline.php(167): App\\Http\\Middleware\\CORS->handle()
#24 /home/adglob-odclient/htdocs/odclient.adglob.in/vendor/laravel/framework/src/Illuminate/Routing/Middleware/SubstituteBindings.php(50): Illuminate\\Pipeline\\Pipeline->Illuminate\\Pipeline\\{closure}()
#25 /home/adglob-odclient/htdocs/odclient.adglob.in/vendor/laravel/framework/src/Illuminate/Pipeline/Pipeline.php(167): Illuminate\\Routing\\Middleware\\SubstituteBindings->handle()
#26 /home/adglob-odclient/htdocs/odclient.adglob.in/vendor/laravel/framework/src/Illuminate/Foundation/Http/Middleware/VerifyCsrfToken.php(78): Illuminate\\Pipeline\\Pipeline->Illuminate\\Pipeline\\{closure}()
#27 /home/adglob-odclient/htdocs/odclient.adglob.in/vendor/laravel/framework/src/Illuminate/Pipeline/Pipeline.php(167): Illuminate\\Foundation\\Http\\Middleware\\VerifyCsrfToken->handle()
#28 /home/adglob-odclient/htdocs/odclient.adglob.in/vendor/laravel/framework/src/Illuminate/View/Middleware/ShareErrorsFromSession.php(49): Illuminate\\Pipeline\\Pipeline->Illuminate\\Pipeline\\{closure}()
#29 /home/adglob-odclient/htdocs/odclient.adglob.in/vendor/laravel/framework/src/Illuminate/Pipeline/Pipeline.php(167): Illuminate\\View\\Middleware\\ShareErrorsFromSession->handle()
#30 /home/adglob-odclient/htdocs/odclient.adglob.in/vendor/laravel/framework/src/Illuminate/Session/Middleware/StartSession.php(121): Illuminate\\Pipeline\\Pipeline->Illuminate\\Pipeline\\{closure}()
#31 /home/adglob-odclient/htdocs/odclient.adglob.in/vendor/laravel/framework/src/Illuminate/Session/Middleware/StartSession.php(64): Illuminate\\Session\\Middleware\\StartSession->handleStatefulRequest()
#32 /home/adglob-odclient/htdocs/odclient.adglob.in/vendor/laravel/framework/src/Illuminate/Pipeline/Pipeline.php(167): Illuminate\\Session\\Middleware\\StartSession->handle()
#33 /home/adglob-odclient/htdocs/odclient.adglob.in/vendor/laravel/framework/src/Illuminate/Cookie/Middleware/AddQueuedCookiesToResponse.php(37): Illuminate\\Pipeline\\Pipeline->Illuminate\\Pipeline\\{closure}()
#34 /home/adglob-odclient/htdocs/odclient.adglob.in/vendor/laravel/framework/src/Illuminate/Pipeline/Pipeline.php(167): Illuminate\\Cookie\\Middleware\\AddQueuedCookiesToResponse->handle()
#35 /home/adglob-odclient/htdocs/odclient.adglob.in/vendor/laravel/framework/src/Illuminate/Cookie/Middleware/EncryptCookies.php(67): Illuminate\\Pipeline\\Pipeline->Illuminate\\Pipeline\\{closure}()
#36 /home/adglob-odclient/htdocs/odclient.adglob.in/vendor/laravel/framework/src/Illuminate/Pipeline/Pipeline.php(167): Illuminate\\Cookie\\Middleware\\EncryptCookies->handle()
#37 /home/adglob-odclient/htdocs/odclient.adglob.in/vendor/laravel/framework/src/Illuminate/Pipeline/Pipeline.php(103): Illuminate\\Pipeline\\Pipeline->Illuminate\\Pipeline\\{closure}()
#38 /home/adglob-odclient/htdocs/odclient.adglob.in/vendor/laravel/framework/src/Illuminate/Routing/Router.php(723): Illuminate\\Pipeline\\Pipeline->then()
#39 /home/adglob-odclient/htdocs/odclient.adglob.in/vendor/laravel/framework/src/Illuminate/Routing/Router.php(698): Illuminate\\Routing\\Router->runRouteWithinStack()
#40 /home/adglob-odclient/htdocs/odclient.adglob.in/vendor/laravel/framework/src/Illuminate/Routing/Router.php(662): Illuminate\\Routing\\Router->runRoute()
#41 /home/adglob-odclient/htdocs/odclient.adglob.in/vendor/laravel/framework/src/Illuminate/Routing/Router.php(651): Illuminate\\Routing\\Router->dispatchToRoute()
#42 /home/adglob-odclient/htdocs/odclient.adglob.in/vendor/laravel/framework/src/Illuminate/Foundation/Http/Kernel.php(167): Illuminate\\Routing\\Router->dispatch()
#43 /home/adglob-odclient/htdocs/odclient.adglob.in/vendor/laravel/framework/src/Illuminate/Pipeline/Pipeline.php(128): Illuminate\\Foundation\\Http\\Kernel->Illuminate\\Foundation\\Http\\{closure}()
#44 /home/adglob-odclient/htdocs/odclient.adglob.in/vendor/laravel/framework/src/Illuminate/View/Middleware/ShareErrorsFromSession.php(49): Illuminate\\Pipeline\\Pipeline->Illuminate\\Pipeline\\{closure}()
#45 /home/adglob-odclient/htdocs/odclient.adglob.in/vendor/laravel/framework/src/Illuminate/Pipeline/Pipeline.php(167): Illuminate\\View\\Middleware\\ShareErrorsFromSession->handle()
#46 /home/adglob-odclient/htdocs/odclient.adglob.in/vendor/laravel/framework/src/Illuminate/Session/Middleware/StartSession.php(121): Illuminate\\Pipeline\\Pipeline->Illuminate\\Pipeline\\{closure}()
#47 /home/adglob-odclient/htdocs/odclient.adglob.in/vendor/laravel/framework/src/Illuminate/Session/Middleware/StartSession.php(64): Illuminate\\Session\\Middleware\\StartSession->handleStatefulRequest()
#48 /home/adglob-odclient/htdocs/odclient.adglob.in/vendor/laravel/framework/src/Illuminate/Pipeline/Pipeline.php(167): Illuminate\\Session\\Middleware\\StartSession->handle()
#49 /home/adglob-odclient/htdocs/odclient.adglob.in/vendor/laravel/framework/src/Illuminate/Foundation/Http/Middleware/TransformsRequest.php(21): Illuminate\\Pipeline\\Pipeline->Illuminate\\Pipeline\\{closure}()
#50 /home/adglob-odclient/htdocs/odclient.adglob.in/vendor/laravel/framework/src/Illuminate/Foundation/Http/Middleware/ConvertEmptyStringsToNull.php(31): Illuminate\\Foundation\\Http\\Middleware\\TransformsRequest->handle()
#51 /home/adglob-odclient/htdocs/odclient.adglob.in/vendor/laravel/framework/src/Illuminate/Pipeline/Pipeline.php(167): Illuminate\\Foundation\\Http\\Middleware\\ConvertEmptyStringsToNull->handle()
#52 /home/adglob-odclient/htdocs/odclient.adglob.in/vendor/laravel/framework/src/Illuminate/Foundation/Http/Middleware/TransformsRequest.php(21): Illuminate\\Pipeline\\Pipeline->Illuminate\\Pipeline\\{closure}()
#53 /home/adglob-odclient/htdocs/odclient.adglob.in/vendor/laravel/framework/src/Illuminate/Foundation/Http/Middleware/TrimStrings.php(40): Illuminate\\Foundation\\Http\\Middleware\\TransformsRequest->handle()
#54 /home/adglob-odclient/htdocs/odclient.adglob.in/vendor/laravel/framework/src/Illuminate/Pipeline/Pipeline.php(167): Illuminate\\Foundation\\Http\\Middleware\\TrimStrings->handle()
#55 /home/adglob-odclient/htdocs/odclient.adglob.in/vendor/laravel/framework/src/Illuminate/Foundation/Http/Middleware/ValidatePostSize.php(27): Illuminate\\Pipeline\\Pipeline->Illuminate\\Pipeline\\{closure}()
#56 /home/adglob-odclient/htdocs/odclient.adglob.in/vendor/laravel/framework/src/Illuminate/Pipeline/Pipeline.php(167): Illuminate\\Foundation\\Http\\Middleware\\ValidatePostSize->handle()
#57 /home/adglob-odclient/htdocs/odclient.adglob.in/vendor/laravel/framework/src/Illuminate/Foundation/Http/Middleware/PreventRequestsDuringMaintenance.php(86): Illuminate\\Pipeline\\Pipeline->Illuminate\\Pipeline\\{closure}()
#58 /home/adglob-odclient/htdocs/odclient.adglob.in/vendor/laravel/framework/src/Illuminate/Pipeline/Pipeline.php(167): Illuminate\\Foundation\\Http\\Middleware\\PreventRequestsDuringMaintenance->handle()
#59 /home/adglob-odclient/htdocs/odclient.adglob.in/vendor/fruitcake/laravel-cors/src/HandleCors.php(38): Illuminate\\Pipeline\\Pipeline->Illuminate\\Pipeline\\{closure}()
#60 /home/adglob-odclient/htdocs/odclient.adglob.in/vendor/laravel/framework/src/Illuminate/Pipeline/Pipeline.php(167): Fruitcake\\Cors\\HandleCors->handle()
#61 /home/adglob-odclient/htdocs/odclient.adglob.in/vendor/fideloper/proxy/src/TrustProxies.php(57): Illuminate\\Pipeline\\Pipeline->Illuminate\\Pipeline\\{closure}()
#62 /home/adglob-odclient/htdocs/odclient.adglob.in/vendor/laravel/framework/src/Illuminate/Pipeline/Pipeline.php(167): Fideloper\\Proxy\\TrustProxies->handle()
#63 /home/adglob-odclient/htdocs/odclient.adglob.in/vendor/laravel/framework/src/Illuminate/Pipeline/Pipeline.php(103): Illuminate\\Pipeline\\Pipeline->Illuminate\\Pipeline\\{closure}()
#64 /home/adglob-odclient/htdocs/odclient.adglob.in/vendor/laravel/framework/src/Illuminate/Foundation/Http/Kernel.php(142): Illuminate\\Pipeline\\Pipeline->then()
#65 /home/adglob-odclient/htdocs/odclient.adglob.in/vendor/laravel/framework/src/Illuminate/Foundation/Http/Kernel.php(111): Illuminate\\Foundation\\Http\\Kernel->sendRequestThroughRouter()
#66 /home/adglob-odclient/htdocs/odclient.adglob.in/index.php(103): Illuminate\\Foundation\\Http\\Kernel->handle()
#67 {main}
"} 
[2026-08-10 00:01:01] local.INFO: release hold seats  
[2026-08-10 00:01:01] local.INFO: array (
  'success' => true,
  'released' => 0,
)  
[2026-08-10 00:02:01] local.INFO: release hold seats  
[2026-08-10 00:02:01] local.INFO: array (
  'success' => true,
  'released' => 0,
)  
[2026-08-10 00:03:01] local.INFO: release hold seats  
[2026-08-10 00:03:01] local.INFO: array (
  'success' => true,
  'released' => 0,
)  
[2026-08-10 00:03:06] local.ERROR: Trying to get property 'dep_time' of non-object {"userId":1,"exception":"[object] (ErrorException(code: 0): Trying to get property 'dep_time' of non-object at /home/adglob-odclient/htdocs/odclient.adglob.in/app/Repositories/PopularRepository.php:271)
[stacktrace]
#0 /home/adglob-odclient/htdocs/odclient.adglob.in/app/Repositories/PopularRepository.php(271): Illuminate\\Foundation\\Bootstrap\\HandleExceptions->handleError()
#1 /home/adglob-odclient/htdocs/odclient.adglob.in/app/Services/PopularService.php(332): App\\Repositories\\PopularRepository->GetDepartureTime()
#2 /home/adglob-odclient/htdocs/odclient.adglob.in/app/Http/Controllers/PopularController.php(221): App\\Services\\PopularService->operatorDetails()
#3 /home/adglob-odclient/htdocs/odclient.adglob.in/vendor/laravel/framework/src/Illuminate/Routing/Controller.php(54): App\\Http\\Controllers\\PopularController->operatorDetails()
#4 /home/adglob-odclient/htdocs/odclient.adglob.in/vendor/laravel/framework/src/Illuminate/Routing/ControllerDispatcher.php(45): Illuminate\\Routing\\Controller->callAction()
#5 /home/adglob-odclient/htdocs/odclient.adglob.in/vendor/laravel/framework/src/Illuminate/Routing/Route.php(262): Illuminate\\Routing\\ControllerDispatcher->dispatch()
#6 /home/adglob-odclient/htdocs/odclient.adglob.in/vendor/laravel/framework/src/Illuminate/Routing/Route.php(205): Illuminate\\Routing\\Route->runController()
#7 /home/adglob-odclient/htdocs/odclient.adglob.in/vendor/laravel/framework/src/Illuminate/Routing/Router.php(721): Illuminate\\Routing\\Route->run()
#8 /home/adglob-odclient/htdocs/odclient.adglob.in/vendor/laravel/framework/src/Illuminate/Pipeline/Pipeline.php(128): Illuminate\\Routing\\Router->Illuminate\\Routing\\{closure}()
#9 /home/adglob-odclient/htdocs/odclient.adglob.in/app/Http/Middleware/JwtMiddleware.php(40): Illuminate\\Pipeline\\Pipeline->Illuminate\\Pipeline\\{closure}()
#10 /home/adglob-odclient/htdocs/odclient.adglob.in/vendor/laravel/framework/src/Illuminate/Pipeline/Pipeline.php(167): App\\Http\\Middleware\\JwtMiddleware->handle()
#11 /home/adglob-odclient/htdocs/odclient.adglob.in/vendor/laravel/framework/src/Illuminate/Pipeline/Pipeline.php(103): Illuminate\\Pipeline\\Pipeline->Illuminate\\Pipeline\\{closure}()
#12 /home/adglob-odclient/htdocs/odclient.adglob.in/vendor/laravel/framework/src/Illuminate/Routing/Router.php(723): Illuminate\\Pipeline\\Pipeline->then()
#13 /home/adglob-odclient/htdocs/odclient.adglob.in/vendor/laravel/framework/src/Illuminate/Routing/Router.php(698): Illuminate\\Routing\\Router->runRouteWithinStack()
#14 /home/adglob-odclient/htdocs/odclient.adglob.in/vendor/laravel/framework/src/Illuminate/Routing/Router.php(662): Illuminate\\Routing\\Router->runRoute()
#15 /home/adglob-odclient/htdocs/odclient.adglob.in/vendor/laravel/framework/src/Illuminate/Routing/Router.php(651): Illuminate\\Routing\\Router->dispatchToRoute()
#16 /home/adglob-odclient/htdocs/odclient.adglob.in/vendor/laravel/framework/src/Illuminate/Foundation/Http/Kernel.php(167): Illuminate\\Routing\\Router->dispatch()
#17 /home/adglob-odclient/htdocs/odclient.adglob.in/vendor/laravel/framework/src/Illuminate/Pipeline/Pipeline.php(128): Illuminate\\Foundation\\Http\\Kernel->Illuminate\\Foundation\\Http\\{closure}()
#18 /home/adglob-odclient/htdocs/odclient.adglob.in/vendor/laravel/framework/src/Illuminate/View/Middleware/ShareErrorsFromSession.php(49): Illuminate\\Pipeline\\Pipeline->Illuminate\\Pipeline\\{closure}()
#19 /home/adglob-odclient/htdocs/odclient.adglob.in/vendor/laravel/framework/src/Illuminate/Pipeline/Pipeline.php(167): Illuminate\\View\\Middleware\\ShareErrorsFromSession->handle()
#20 /home/adglob-odclient/htdocs/odclient.adglob.in/vendor/laravel/framework/src/Illuminate/Session/Middleware/StartSession.php(121): Illuminate\\Pipeline\\Pipeline->Illuminate\\Pipeline\\{closure}()
#21 /home/adglob-odclient/htdocs/odclient.adglob.in/vendor/laravel/framework/src/Illuminate/Session/Middleware/StartSession.php(64): Illuminate\\Session\\Middleware\\StartSession->handleStatefulRequest()
#22 /home/adglob-odclient/htdocs/odclient.adglob.in/vendor/laravel/framework/src/Illuminate/Pipeline/Pipeline.php(167): Illuminate\\Session\\Middleware\\StartSession->handle()
#23 /home/adglob-odclient/htdocs/odclient.adglob.in/vendor/laravel/framework/src/Illuminate/Foundation/Http/Middleware/TransformsRequest.php(21): Illuminate\\Pipeline\\Pipeline->Illuminate\\Pipeline\\{closure}()
#24 /home/adglob-odclient/htdocs/odclient.adglob.in/vendor/laravel/framework/src/Illuminate/Foundation/Http/Middleware/ConvertEmptyStringsToNull.php(31): Illuminate\\Foundation\\Http\\Middleware\\TransformsRequest->handle()
#25 /home/adglob-odclient/htdocs/odclient.adglob.in/vendor/laravel/framework/src/Illuminate/Pipeline/Pipeline.php(167): Illuminate\\Foundation\\Http\\Middleware\\ConvertEmptyStringsToNull->handle()
#26 /home/adglob-odclient/htdocs/odclient.adglob.in/vendor/laravel/framework/src/Illuminate/Foundation/Http/Middleware/TransformsRequest.php(21): Illuminate\\Pipeline\\Pipeline->Illuminate\\Pipeline\\{closure}()
#27 /home/adglob-odclient/htdocs/odclient.adglob.in/vendor/laravel/framework/src/Illuminate/Foundation/Http/Middleware/TrimStrings.php(40): Illuminate\\Foundation\\Http\\Middleware\\TransformsRequest->handle()
#28 /home/adglob-odclient/htdocs/odclient.adglob.in/vendor/laravel/framework/src/Illuminate/Pipeline/Pipeline.php(167): Illuminate\\Foundation\\Http\\Middleware\\TrimStrings->handle()
#29 /home/adglob-odclient/htdocs/odclient.adglob.in/vendor/laravel/framework/src/Illuminate/Foundation/Http/Middleware/ValidatePostSize.php(27): Illuminate\\Pipeline\\Pipeline->Illuminate\\Pipeline\\{closure}()
#30 /home/adglob-odclient/htdocs/odclient.adglob.in/vendor/laravel/framework/src/Illuminate/Pipeline/Pipeline.php(167): Illuminate\\Foundation\\Http\\Middleware\\ValidatePostSize->handle()
#31 /home/adglob-odclient/htdocs/odclient.adglob.in/vendor/laravel/framework/src/Illuminate/Foundation/Http/Middleware/PreventRequestsDuringMaintenance.php(86): Illuminate\\Pipeline\\Pipeline->Illuminate\\Pipeline\\{closure}()
#32 /home/adglob-odclient/htdocs/odclient.adglob.in/vendor/laravel/framework/src/Illuminate/Pipeline/Pipeline.php(167): Illuminate\\Foundation\\Http\\Middleware\\PreventRequestsDuringMaintenance->handle()
#33 /home/adglob-odclient/htdocs/odclient.adglob.in/vendor/fruitcake/laravel-cors/src/HandleCors.php(52): Illuminate\\Pipeline\\Pipeline->Illuminate\\Pipeline\\{closure}()
#34 /home/adglob-odclient/htdocs/odclient.adglob.in/vendor/laravel/framework/src/Illuminate/Pipeline/Pipeline.php(167): Fruitcake\\Cors\\HandleCors->handle()
#35 /home/adglob-odclient/htdocs/odclient.adglob.in/vendor/fideloper/proxy/src/TrustProxies.php(57): Illuminate\\Pipeline\\Pipeline->Illuminate\\Pipeline\\{closure}()
#36 /home/adglob-odclient/htdocs/odclient.adglob.in/vendor/laravel/framework/src/Illuminate/Pipeline/Pipeline.php(167): Fideloper\\Proxy\\TrustProxies->handle()
#37 /home/adglob-odclient/htdocs/odclient.adglob.in/vendor/laravel/framework/src/Illuminate/Pipeline/Pipeline.php(103): Illuminate\\Pipeline\\Pipeline->Illuminate\\Pipeline\\{closure}()
#38 /home/adglob-odclient/htdocs/odclient.adglob.in/vendor/laravel/framework/src/Illuminate/Foundation/Http/Kernel.php(142): Illuminate\\Pipeline\\Pipeline->then()
#39 /home/adglob-odclient/htdocs/odclient.adglob.in/vendor/laravel/framework/src/Illuminate/Foundation/Http/Kernel.php(111): Illuminate\\Foundation\\Http\\Kernel->sendRequestThroughRouter()
#40 /home/adglob-odclient/htdocs/odclient.adglob.in/index.php(103): Illuminate\\Foundation\\Http\\Kernel->handle()
#41 {main}
"} 
[2026-08-10 00:03:06] local.ERROR: Trying to get property 'dep_time' of non-object {"userId":1,"exception":"[object] (ErrorException(code: 0): Trying to get property 'dep_time' of non-object at /home/adglob-odclient/htdocs/odclient.adglob.in/app/Repositories/PopularRepository.php:271)
[stacktrace]
#0 /home/adglob-odclient/htdocs/odclient.adglob.in/app/Repositories/PopularRepository.php(271): Illuminate\\Foundation\\Bootstrap\\HandleExceptions->handleError()
#1 /home/adglob-odclient/htdocs/odclient.adglob.in/app/Services/PopularService.php(332): App\\Repositories\\PopularRepository->GetDepartureTime()
#2 /home/adglob-odclient/htdocs/odclient.adglob.in/app/Http/Controllers/PopularController.php(221): App\\Services\\PopularService->operatorDetails()
#3 /home/adglob-odclient/htdocs/odclient.adglob.in/vendor/laravel/framework/src/Illuminate/Routing/Controller.php(54): App\\Http\\Controllers\\PopularController->operatorDetails()
#4 /home/adglob-odclient/htdocs/odclient.adglob.in/vendor/laravel/framework/src/Illuminate/Routing/ControllerDispatcher.php(45): Illuminate\\Routing\\Controller->callAction()
#5 /home/adglob-odclient/htdocs/odclient.adglob.in/vendor/laravel/framework/src/Illuminate/Routing/Route.php(262): Illuminate\\Routing\\ControllerDispatcher->dispatch()
#6 /home/adglob-odclient/htdocs/odclient.adglob.in/vendor/laravel/framework/src/Illuminate/Routing/Route.php(205): Illuminate\\Routing\\Route->runController()
#7 /home/adglob-odclient/htdocs/odclient.adglob.in/vendor/laravel/framework/src/Illuminate/Routing/Router.php(721): Illuminate\\Routing\\Route->run()
#8 /home/adglob-odclient/htdocs/odclient.adglob.in/vendor/laravel/framework/src/Illuminate/Pipeline/Pipeline.php(128): Illuminate\\Routing\\Router->Illuminate\\Routing\\{closure}()
#9 /home/adglob-odclient/htdocs/odclient.adglob.in/app/Http/Middleware/JwtMiddleware.php(40): Illuminate\\Pipeline\\Pipeline->Illuminate\\Pipeline\\{closure}()
#10 /home/adglob-odclient/htdocs/odclient.adglob.in/vendor/laravel/framework/src/Illuminate/Pipeline/Pipeline.php(167): App\\Http\\Middleware\\JwtMiddleware->handle()
#11 /home/adglob-odclient/htdocs/odclient.adglob.in/vendor/laravel/framework/src/Illuminate/Pipeline/Pipeline.php(103): Illuminate\\Pipeline\\Pipeline->Illuminate\\Pipeline\\{closure}()
#12 /home/adglob-odclient/htdocs/odclient.adglob.in/vendor/laravel/framework/src/Illuminate/Routing/Router.php(723): Illuminate\\Pipeline\\Pipeline->then()
#13 /home/adglob-odclient/htdocs/odclient.adglob.in/vendor/laravel/framework/src/Illuminate/Routing/Router.php(698): Illuminate\\Routing\\Router->runRouteWithinStack()
#14 /home/adglob-odclient/htdocs/odclient.adglob.in/vendor/laravel/framework/src/Illuminate/Routing/Router.php(662): Illuminate\\Routing\\Router->runRoute()
#15 /home/adglob-odclient/htdocs/odclient.adglob.in/vendor/laravel/framework/src/Illuminate/Routing/Router.php(651): Illuminate\\Routing\\Router->dispatchToRoute()
#16 /home/adglob-odclient/htdocs/odclient.adglob.in/vendor/laravel/framework/src/Illuminate/Foundation/Http/Kernel.php(167): Illuminate\\Routing\\Router->dispatch()
#17 /home/adglob-odclient/htdocs/odclient.adglob.in/vendor/laravel/framework/src/Illuminate/Pipeline/Pipeline.php(128): Illuminate\\Foundation\\Http\\Kernel->Illuminate\\Foundation\\Http\\{closure}()
#18 /home/adglob-odclient/htdocs/odclient.adglob.in/vendor/laravel/framework/src/Illuminate/View/Middleware/ShareErrorsFromSession.php(49): Illuminate\\Pipeline\\Pipeline->Illuminate\\Pipeline\\{closure}()
#19 /home/adglob-odclient/htdocs/odclient.adglob.in/vendor/laravel/framework/src/Illuminate/Pipeline/Pipeline.php(167): Illuminate\\View\\Middleware\\ShareErrorsFromSession->handle()
#20 /home/adglob-odclient/htdocs/odclient.adglob.in/vendor/laravel/framework/src/Illuminate/Session/Middleware/StartSession.php(121): Illuminate\\Pipeline\\Pipeline->Illuminate\\Pipeline\\{closure}()
#21 /home/adglob-odclient/htdocs/odclient.adglob.in/vendor/laravel/framework/src/Illuminate/Session/Middleware/StartSession.php(64): Illuminate\\Session\\Middleware\\StartSession->handleStatefulRequest()
#22 /home/adglob-odclient/htdocs/odclient.adglob.in/vendor/laravel/framework/src/Illuminate/Pipeline/Pipeline.php(167): Illuminate\\Session\\Middleware\\StartSession->handle()
#23 /home/adglob-odclient/htdocs/odclient.adglob.in/vendor/laravel/framework/src/Illuminate/Foundation/Http/Middleware/TransformsRequest.php(21): Illuminate\\Pipeline\\Pipeline->Illuminate\\Pipeline\\{closure}()
#24 /home/adglob-odclient/htdocs/odclient.adglob.in/vendor/laravel/framework/src/Illuminate/Foundation/Http/Middleware/ConvertEmptyStringsToNull.php(31): Illuminate\\Foundation\\Http\\Middleware\\TransformsRequest->handle()
#25 /home/adglob-odclient/htdocs/odclient.adglob.in/vendor/laravel/framework/src/Illuminate/Pipeline/Pipeline.php(167): Illuminate\\Foundation\\Http\\Middleware\\ConvertEmptyStringsToNull->handle()
#26 /home/adglob-odclient/htdocs/odclient.adglob.in/vendor/laravel/framework/src/Illuminate/Foundation/Http/Middleware/TransformsRequest.php(21): Illuminate\\Pipeline\\Pipeline->Illuminate\\Pipeline\\{closure}()
#27 /home/adglob-odclient/htdocs/odclient.adglob.in/vendor/laravel/framework/src/Illuminate/Foundation/Http/Middleware/TrimStrings.php(40): Illuminate\\Foundation\\Http\\Middleware\\TransformsRequest->handle()
#28 /home/adglob-odclient/htdocs/odclient.adglob.in/vendor/laravel/framework/src/Illuminate/Pipeline/Pipeline.php(167): Illuminate\\Foundation\\Http\\Middleware\\TrimStrings->handle()
#29 /home/adglob-odclient/htdocs/odclient.adglob.in/vendor/laravel/framework/src/Illuminate/Foundation/Http/Middleware/ValidatePostSize.php(27): Illuminate\\Pipeline\\Pipeline->Illuminate\\Pipeline\\{closure}()
#30 /home/adglob-odclient/htdocs/odclient.adglob.in/vendor/laravel/framework/src/Illuminate/Pipeline/Pipeline.php(167): Illuminate\\Foundation\\Http\\Middleware\\ValidatePostSize->handle()
#31 /home/adglob-odclient/htdocs/odclient.adglob.in/vendor/laravel/framework/src/Illuminate/Foundation/Http/Middleware/PreventRequestsDuringMaintenance.php(86): Illuminate\\Pipeline\\Pipeline->Illuminate\\Pipeline\\{closure}()
#32 /home/adglob-odclient/htdocs/odclient.adglob.in/vendor/laravel/framework/src/Illuminate/Pipeline/Pipeline.php(167): Illuminate\\Foundation\\Http\\Middleware\\PreventRequestsDuringMaintenance->handle()
#33 /home/adglob-odclient/htdocs/odclient.adglob.in/vendor/fruitcake/laravel-cors/src/HandleCors.php(52): Illuminate\\Pipeline\\Pipeline->Illuminate\\Pipeline\\{closure}()
#34 /home/adglob-odclient/htdocs/odclient.adglob.in/vendor/laravel/framework/src/Illuminate/Pipeline/Pipeline.php(167): Fruitcake\\Cors\\HandleCors->handle()
#35 /home/adglob-odclient/htdocs/odclient.adglob.in/vendor/fideloper/proxy/src/TrustProxies.php(57): Illuminate\\Pipeline\\Pipeline->Illuminate\\Pipeline\\{closure}()
#36 /home/adglob-odclient/htdocs/odclient.adglob.in/vendor/laravel/framework/src/Illuminate/Pipeline/Pipeline.php(167): Fideloper\\Proxy\\TrustProxies->handle()
#37 /home/adglob-odclient/htdocs/odclient.adglob.in/vendor/laravel/framework/src/Illuminate/Pipeline/Pipeline.php(103): Illuminate\\Pipeline\\Pipeline->Illuminate\\Pipeline\\{closure}()
#38 /home/adglob-odclient/htdocs/odclient.adglob.in/vendor/laravel/framework/src/Illuminate/Foundation/Http/Kernel.php(142): Illuminate\\Pipeline\\Pipeline->then()
#39 /home/adglob-odclient/htdocs/odclient.adglob.in/vendor/laravel/framework/src/Illuminate/Foundation/Http/Kernel.php(111): Illuminate\\Foundation\\Http\\Kernel->sendRequestThroughRouter()
#40 /home/adglob-odclient/htdocs/odclient.adglob.in/index.php(103): Illuminate\\Foundation\\Http\\Kernel->handle()
#41 {main}
"} 
[2026-08-10 00:04:01] local.INFO: release hold seats  
[2026-08-10 00:04:01] local.INFO: array (
  'success' => true,
  'released' => 0,
)  
[2026-08-10 00:05:01] local.INFO: release hold seats  
[2026-08-10 00:05:01] local.INFO: array (
  'success' => true,
  'released' => 0,
)  
[2026-08-10 00:06:01] local.INFO: release hold seats  
[2026-08-10 00:06:01] local.INFO: array (
  'success' => true,
  'released' => 0,
)  
[2026-08-10 00:07:01] local.INFO: release hold seats  
[2026-08-10 00:07:01] local.INFO: array (
  'success' => true,
  'released' => 0,
)  
[2026-08-10 00:08:01] local.INFO: release hold seats  
[2026-08-10 00:08:01] local.INFO: array (
  'success' => true,
  'released' => 0,
)  
[2026-08-10 00:09:01] local.INFO: release hold seats  
[2026-08-10 00:09:01] local.INFO: array (
  'success' => true,
  'released' => 0,
)  
[2026-08-10 00:10:01] local.INFO: release hold seats  
[2026-08-10 00:10:01] local.INFO: array (
  'success' => true,
  'released' => 0,
)  
[2026-08-10 00:11:01] local.INFO: release hold seats  
[2026-08-10 00:11:01] local.INFO: array (
  'success' => true,
  'released' => 0,
)  
[2026-08-10 00:12:01] local.INFO: release hold seats  
[2026-08-10 00:12:01] local.INFO: array (
  'success' => true,
  'released' => 0,
)  
[2026-08-10 00:13:01] local.INFO: release hold seats  
[2026-08-10 00:13:01] local.INFO: array (
  'success' => true,
  'released' => 0,
)  
[2026-08-10 00:14:01] local.INFO: release hold seats  
[2026-08-10 00:14:01] local.INFO: array (
  'success' => true,
  'released' => 0,
)  
[2026-08-10 00:15:01] local.INFO: release hold seats  
[2026-08-10 00:15:01] local.INFO: array (
  'success' => true,
  'released' => 0,
)  
[2026-08-10 00:16:01] local.INFO: release hold seats  
[2026-08-10 00:16:01] local.INFO: array (
  'success' => true,
  'released' => 0,
)  
[2026-08-10 00:17:02] local.INFO: release hold seats  
[2026-08-10 00:17:02] local.INFO: array (
  'success' => true,
  'released' => 0,
)  
[2026-08-10 00:18:01] local.INFO: release hold seats  
[2026-08-10 00:18:01] local.INFO: array (
  'success' => true,
  'released' => 0,
)  
[2026-08-10 00:19:01] local.INFO: release hold seats  
[2026-08-10 00:19:01] local.INFO: array (
  'success' => true,
  'released' => 0,
)  
[2026-08-10 00:20:01] local.INFO: release hold seats  
[2026-08-10 00:20:01] local.INFO: array (
  'success' => true,
  'released' => 0,
)  
[2026-08-10 00:21:01] local.INFO: release hold seats  
[2026-08-10 00:21:01] local.INFO: array (
  'success' => true,
  'released' => 0,
)  
[2026-08-10 00:22:01] local.INFO: release hold seats  
[2026-08-10 00:22:01] local.INFO: array (
  'success' => true,
  'released' => 0,
)  
[2026-08-10 00:23:01] local.INFO: release hold seats  
[2026-08-10 00:23:01] local.INFO: array (
  'success' => true,
  'released' => 0,
)  
[2026-08-10 00:24:01] local.INFO: release hold seats  
[2026-08-10 00:24:01] local.INFO: array (
  'success' => true,
  'released' => 0,
)  
[2026-08-10 00:25:01] local.INFO: release hold seats  
[2026-08-10 00:25:01] local.INFO: array (
  'success' => true,
  'released' => 0,
)  
[2026-08-10 00:26:01] local.INFO: release hold seats  
[2026-08-10 00:26:01] local.INFO: array (
  'success' => true,
  'released' => 0,
)  
[2026-08-10 00:27:01] local.INFO: release hold seats  
[2026-08-10 00:27:01] local.INFO: array (
  'success' => true,
  'released' => 0,
)  
[2026-08-10 00:28:01] local.INFO: release hold seats  
[2026-08-10 00:28:01] local.INFO: array (
  'success' => true,
  'released' => 0,
)  
[2026-08-10 00:29:01] local.INFO: release hold seats  
[2026-08-10 00:29:01] local.INFO: array (
  'success' => true,
  'released' => 0,
)  
[2026-08-10 00:30:01] local.INFO: release hold seats  
[2026-08-10 00:30:01] local.INFO: array (
  'success' => true,
  'released' => 0,
)  
[2026-08-10 00:31:01] local.INFO: release hold seats  
[2026-08-10 00:31:01] local.INFO: array (
  'success' => true,
  'released' => 0,
)  
[2026-08-10 00:32:01] local.INFO: release hold seats  
[2026-08-10 00:32:01] local.INFO: array (
  'success' => true,
  'released' => 0,
)  
[2026-08-10 00:33:01] local.INFO: release hold seats  
[2026-08-10 00:33:01] local.INFO: array (
  'success' => true,
  'released' => 0,
)  
[2026-08-10 00:34:01] local.INFO: release hold seats  
[2026-08-10 00:34:01] local.INFO: array (
  'success' => true,
  'released' => 0,
)  
[2026-08-10 00:35:01] local.INFO: release hold seats  
[2026-08-10 00:35:01] local.INFO: array (
  'success' => true,
  'released' => 0,
)  
[2026-08-10 00:36:01] local.INFO: release hold seats  
[2026-08-10 00:36:01] local.INFO: array (
  'success' => true,
  'released' => 0,
)  
[2026-08-10 00:37:01] local.INFO: release hold seats  
[2026-08-10 00:37:01] local.INFO: array (
  'success' => true,
  'released' => 0,
)  
[2026-08-10 00:38:02] local.INFO: release hold seats  
[2026-08-10 00:38:02] local.INFO: array (
  'success' => true,
  'released' => 0,
)  
[2026-08-10 00:39:01] local.INFO: release hold seats  
[2026-08-10 00:39:01] local.INFO: array (
  'success' => true,
  'released' => 0,
)  
[2026-08-10 00:40:01] local.INFO: release hold seats  
[2026-08-10 00:40:01] local.INFO: array (
  'success' => true,
  'released' => 0,
)  
[2026-08-10 00:41:01] local.INFO: release hold seats  
[2026-08-10 00:41:01] local.INFO: array (
  'success' => true,
  'released' => 0,
)  
[2026-08-10 00:42:01] local.INFO: release hold seats  
[2026-08-10 00:42:01] local.INFO: array (
  'success' => true,
  'released' => 0,
)  
[2026-08-10 00:43:01] local.INFO: release hold seats  
[2026-08-10 00:43:01] local.INFO: array (
  'success' => true,
  'released' => 0,
)  
[2026-08-10 00:44:01] local.INFO: release hold seats  
[2026-08-10 00:44:01] local.INFO: array (
  'success' => true,
  'released' => 0,
)  
[2026-08-10 00:45:01] local.INFO: release hold seats  
[2026-08-10 00:45:01] local.INFO: array (
  'success' => true,
  'released' => 0,
)  
[2026-08-10 00:46:01] local.INFO: release hold seats  
[2026-08-10 00:46:01] local.INFO: array (
  'success' => true,
  'released' => 0,
)  
[2026-08-10 00:47:01] local.INFO: release hold seats  
[2026-08-10 00:47:01] local.INFO: array (
  'success' => true,
  'released' => 0,
)  
[2026-08-10 00:48:01] local.INFO: release hold seats  
[2026-08-10 00:48:01] local.INFO: array (
  'success' => true,
  'released' => 0,
)  
[2026-08-10 00:49:01] local.INFO: release hold seats  
[2026-08-10 00:49:01] local.INFO: array (
  'success' => true,
  'released' => 0,
)  
[2026-08-10 00:50:01] local.INFO: release hold seats  
[2026-08-10 00:50:01] local.INFO: array (
  'success' => true,
  'released' => 0,
)  
[2026-08-10 00:51:01] local.INFO: release hold seats  
[2026-08-10 00:51:01] local.INFO: array (
  'success' => true,
  'released' => 0,
)  
[2026-08-10 00:52:01] local.INFO: release hold seats  
[2026-08-10 00:52:01] local.INFO: array (
  'success' => true,
  'released' => 0,
)  
[2026-08-10 00:53:01] local.INFO: release hold seats  
[2026-08-10 00:53:01] local.INFO: array (
  'success' => true,
  'released' => 0,
)  
[2026-08-10 00:54:01] local.INFO: release hold seats  
[2026-08-10 00:54:01] local.INFO: array (
  'success' => true,
  'released' => 0,
)  
[2026-08-10 00:55:01] local.INFO: release hold seats  
[2026-08-10 00:55:01] local.INFO: array (
  'success' => true,
  'released' => 0,
)  
[2026-08-10 00:56:01] local.INFO: release hold seats  
[2026-08-10 00:56:01] local.INFO: array (
  'success' => true,
  'released' => 0,
)  
[2026-08-10 00:57:01] local.INFO: release hold seats  
[2026-08-10 00:57:01] local.INFO: array (
  'success' => true,
  'released' => 0,
)  
[2026-08-10 00:58:01] local.INFO: release hold seats  
[2026-08-10 00:58:01] local.INFO: array (
  'success' => true,
  'released' => 0,
)  
[2026-08-10 00:59:01] local.INFO: release hold seats  
[2026-08-10 00:59:01] local.INFO: array (
  'success' => true,
  'released' => 0,
)  
[2026-08-10 01:00:01] local.INFO: release hold seats  
[2026-08-10 01:00:01] local.INFO: array (
  'success' => true,
  'released' => 0,
)  
[2026-08-10 01:01:01] local.INFO: release hold seats  
[2026-08-10 01:01:01] local.INFO: array (
  'success' => true,
  'released' => 0,
)  
[2026-08-10 01:02:01] local.INFO: release hold seats  
[2026-08-10 01:02:01] local.INFO: array (
  'success' => true,
  'released' => 0,
)  
[2026-08-10 01:03:02] local.INFO: release hold seats  
[2026-08-10 01:03:02] local.INFO: array (
  'success' => true,
  'released' => 0,
)  
[2026-08-10 01:04:01] local.INFO: release hold seats  
[2026-08-10 01:04:01] local.INFO: array (
  'success' => true,
  'released' => 0,
)  
[2026-08-10 01:05:01] local.INFO: release hold seats  
[2026-08-10 01:05:01] local.INFO: array (
  'success' => true,
  'released' => 0,
)  
[2026-08-10 01:06:01] local.INFO: release hold seats  
[2026-08-10 01:06:01] local.INFO: array (
  'success' => true,
  'released' => 0,
)  
[2026-08-10 01:07:01] local.INFO: release hold seats  
[2026-08-10 01:07:01] local.INFO: array (
  'success' => true,
  'released' => 0,
)  
[2026-08-10 01:08:02] local.INFO: release hold seats  
[2026-08-10 01:08:02] local.INFO: array (
  'success' => true,
  'released' => 0,
)  
[2026-08-10 01:09:01] local.INFO: release hold seats  
[2026-08-10 01:09:01] local.INFO: array (
  'success' => true,
  'released' => 0,
)  
[2026-08-10 01:10:01] local.INFO: release hold seats  
[2026-08-10 01:10:01] local.INFO: array (
  'success' => true,
  'released' => 0,
)  
[2026-08-10 01:11:01] local.INFO: release hold seats  
[2026-08-10 01:11:01] local.INFO: array (
  'success' => true,
  'released' => 0,
)  
[2026-08-10 01:12:01] local.INFO: release hold seats  
[2026-08-10 01:12:01] local.INFO: array (
  'success' => true,
  'released' => 0,
)  
[2026-08-10 01:13:01] local.INFO: release hold seats  
[2026-08-10 01:13:01] local.INFO: array (
  'success' => true,
  'released' => 0,
)  
[2026-08-10 01:14:01] local.INFO: release hold seats  
[2026-08-10 01:14:01] local.INFO: array (
  'success' => true,
  'released' => 0,
)  
[2026-08-10 01:15:01] local.INFO: release hold seats  
[2026-08-10 01:15:01] local.INFO: array (
  'success' => true,
  'released' => 0,
)  
[2026-08-10 01:16:01] local.INFO: release hold seats  
[2026-08-10 01:16:01] local.INFO: array (
  'success' => true,
  'released' => 0,
)  
[2026-08-10 01:17:01] local.INFO: release hold seats  
[2026-08-10 01:17:01] local.INFO: array (
  'success' => true,
  'released' => 0,
)  
[2026-08-10 01:18:01] local.INFO: release hold seats  
[2026-08-10 01:18:01] local.INFO: array (
  'success' => true,
  'released' => 0,
)  
[2026-08-10 01:19:01] local.INFO: release hold seats  
[2026-08-10 01:19:01] local.INFO: array (
  'success' => true,
  'released' => 0,
)  
[2026-08-10 01:20:01] local.INFO: release hold seats  
[2026-08-10 01:20:01] local.INFO: array (
  'success' => true,
  'released' => 0,
)  
[2026-08-10 01:21:01] local.INFO: release hold seats  
[2026-08-10 01:21:01] local.INFO: array (
  'success' => true,
  'released' => 0,
)  
[2026-08-10 01:22:01] local.INFO: release hold seats  
[2026-08-10 01:22:01] local.INFO: array (
  'success' => true,
  'released' => 0,
)  
[2026-08-10 01:23:01] local.INFO: release hold seats  
[2026-08-10 01:23:01] local.INFO: array (
  'success' => true,
  'released' => 0,
)  
[2026-08-10 01:24:01] local.INFO: release hold seats  
[2026-08-10 01:24:01] local.INFO: array (
  'success' => true,
  'released' => 0,
)  
[2026-08-10 01:25:01] local.INFO: release hold seats  
[2026-08-10 01:25:01] local.INFO: array (
  'success' => true,
  'released' => 0,
)  
[2026-08-10 01:26:02] local.INFO: release hold seats  
[2026-08-10 01:26:02] local.INFO: array (
  'success' => true,
  'released' => 0,
)  
[2026-08-10 01:27:01] local.INFO: release hold seats  
[2026-08-10 01:27:01] local.INFO: array (
  'success' => true,
  'released' => 0,
)  
[2026-08-10 01:28:01] local.INFO: release hold seats  
[2026-08-10 01:28:01] local.INFO: array (
  'success' => true,
  'released' => 0,
)  
[2026-08-10 01:29:01] local.INFO: release hold seats  
[2026-08-10 01:29:01] local.INFO: array (
  'success' => true,
  'released' => 0,
)  
[2026-08-10 01:30:01] local.INFO: release hold seats  
[2026-08-10 01:30:01] local.INFO: array (
  'success' => true,
  'released' => 0,
)  
[2026-08-10 01:31:01] local.INFO: release hold seats  
[2026-08-10 01:31:01] local.INFO: array (
  'success' => true,
  'released' => 0,
)  
[2026-08-10 01:32:01] local.INFO: release hold seats  
[2026-08-10 01:32:01] local.INFO: array (
  'success' => true,
  'released' => 0,
)  
[2026-08-10 01:33:02] local.INFO: release hold seats  
[2026-08-10 01:33:02] local.INFO: array (
  'success' => true,
  'released' => 0,
)  
[2026-08-10 01:34:01] local.INFO: release hold seats  
[2026-08-10 01:34:01] local.INFO: array (
  'success' => true,
  'released' => 0,
)  
[2026-08-10 01:35:01] local.INFO: release hold seats  
[2026-08-10 01:35:01] local.INFO: array (
  'success' => true,
  'released' => 0,
)  
[2026-08-10 01:36:01] local.INFO: release hold seats  
[2026-08-10 01:36:01] local.INFO: array (
  'success' => true,
  'released' => 0,
)  
[2026-08-10 01:37:01] local.INFO: release hold seats  
[2026-08-10 01:37:01] local.INFO: array (
  'success' => true,
  'released' => 0,
)  
[2026-08-10 01:38:01] local.INFO: release hold seats  
[2026-08-10 01:38:01] local.INFO: array (
  'success' => true,
  'released' => 0,
)  
[2026-08-10 01:39:01] local.INFO: release hold seats  
[2026-08-10 01:39:01] local.INFO: array (
  'success' => true,
  'released' => 0,
)  
[2026-08-10 01:40:02] local.INFO: release hold seats  
[2026-08-10 01:40:02] local.INFO: array (
  'success' => true,
  'released' => 0,
)  
[2026-08-10 01:41:01] local.INFO: release hold seats  
[2026-08-10 01:41:01] local.INFO: array (
  'success' => true,
  'released' => 0,
)  
[2026-08-10 01:42:01] local.INFO: release hold seats  
[2026-08-10 01:42:01] local.INFO: array (
  'success' => true,
  'released' => 0,
)  
[2026-08-10 01:43:01] local.INFO: release hold seats  
[2026-08-10 01:43:01] local.INFO: array (
  'success' => true,
  'released' => 0,
)  
[2026-08-10 01:44:01] local.INFO: release hold seats  
[2026-08-10 01:44:01] local.INFO: array (
  'success' => true,
  'released' => 0,
)  
[2026-08-10 01:45:01] local.INFO: release hold seats  
[2026-08-10 01:45:01] local.INFO: array (
  'success' => true,
  'released' => 0,
)  
[2026-08-10 01:46:01] local.INFO: release hold seats  
[2026-08-10 01:46:01] local.INFO: array (
  'success' => true,
  'released' => 0,
)  
[2026-08-10 01:47:01] local.INFO: release hold seats  
[2026-08-10 01:47:01] local.INFO: array (
  'success' => true,
  'released' => 0,
)  
[2026-08-10 01:48:01] local.INFO: release hold seats  
[2026-08-10 01:48:01] local.INFO: array (
  'success' => true,
  'released' => 0,
)  
[2026-08-10 01:49:01] local.INFO: release hold seats  
[2026-08-10 01:49:01] local.INFO: array (
  'success' => true,
  'released' => 0,
)  
[2026-08-10 01:50:01] local.INFO: release hold seats  
[2026-08-10 01:50:01] local.INFO: array (
  'success' => true,
  'released' => 0,
)  
[2026-08-10 01:51:01] local.INFO: release hold seats  
[2026-08-10 01:51:01] local.INFO: array (
  'success' => true,
  'released' => 0,
)  
[2026-08-10 01:52:01] local.INFO: release hold seats  
[2026-08-10 01:52:01] local.INFO: array (
  'success' => true,
  'released' => 0,
)  
[2026-08-10 01:53:01] local.INFO: release hold seats  
[2026-08-10 01:53:01] local.INFO: array (
  'success' => true,
  'released' => 0,
)  
[2026-08-10 01:54:01] local.INFO: release hold seats  
[2026-08-10 01:54:01] local.INFO: array (
  'success' => true,
  'released' => 0,
)  
[2026-08-10 01:55:01] local.INFO: release hold seats  
[2026-08-10 01:55:01] local.INFO: array (
  'success' => true,
  'released' => 0,
)  
[2026-08-10 01:56:01] local.INFO: release hold seats  
[2026-08-10 01:56:01] local.INFO: array (
  'success' => true,
  'released' => 0,
)  
[2026-08-10 01:57:01] local.INFO: release hold seats  
[2026-08-10 01:57:01] local.INFO: array (
  'success' => true,
  'released' => 0,
)  
[2026-08-10 01:58:01] local.INFO: release hold seats  
[2026-08-10 01:58:01] local.INFO: array (
  'success' => true,
  'released' => 0,
)  
[2026-08-10 01:59:01] local.INFO: release hold seats  
[2026-08-10 01:59:01] local.INFO: array (
  'success' => true,
  'released' => 0,
)  
[2026-08-10 02:00:02] local.INFO: release hold seats  
[2026-08-10 02:00:02] local.INFO: array (
  'success' => true,
  'released' => 0,
)  
[2026-08-10 02:01:01] local.INFO: release hold seats  
[2026-08-10 02:01:01] local.INFO: array (
  'success' => true,
  'released' => 0,
)  
[2026-08-10 02:02:01] local.INFO: release hold seats  
[2026-08-10 02:02:01] local.INFO: array (
  'success' => true,
  'released' => 0,
)  
[2026-08-10 02:03:01] local.INFO: release hold seats  
[2026-08-10 02:03:01] local.INFO: array (
  'success' => true,
  'released' => 0,
)  
[2026-08-10 02:04:01] local.INFO: release hold seats  
[2026-08-10 02:04:01] local.INFO: array (
  'success' => true,
  'released' => 0,
)  
[2026-08-10 02:05:01] local.INFO: release hold seats  
[2026-08-10 02:05:01] local.INFO: array (
  'success' => true,
  'released' => 0,
)  
[2026-08-10 02:06:01] local.INFO: release hold seats  
[2026-08-10 02:06:01] local.INFO: array (
  'success' => true,
  'released' => 0,
)  
[2026-08-10 02:07:01] local.INFO: release hold seats  
[2026-08-10 02:07:01] local.INFO: array (
  'success' => true,
  'released' => 0,
)  
[2026-08-10 02:08:01] local.INFO: release hold seats  
[2026-08-10 02:08:01] local.INFO: array (
  'success' => true,
  'released' => 0,
)  
[2026-08-10 02:09:01] local.INFO: release hold seats  
[2026-08-10 02:09:01] local.INFO: array (
  'success' => true,
  'released' => 0,
)  
[2026-08-10 02:10:01] local.INFO: release hold seats  
[2026-08-10 02:10:01] local.INFO: array (
  'success' => true,
  'released' => 0,
)  
[2026-08-10 02:11:01] local.INFO: release hold seats  
[2026-08-10 02:11:01] local.INFO: array (
  'success' => true,
  'released' => 0,
)  
[2026-08-10 02:12:01] local.INFO: release hold seats  
[2026-08-10 02:12:01] local.INFO: array (
  'success' => true,
  'released' => 0,
)  
[2026-08-10 02:13:01] local.INFO: release hold seats  
[2026-08-10 02:13:01] local.INFO: array (
  'success' => true,
  'released' => 0,
)  
[2026-08-10 02:14:01] local.INFO: release hold seats  
[2026-08-10 02:14:01] local.INFO: array (
  'success' => true,
  'released' => 0,
)  
[2026-08-10 02:15:02] local.INFO: release hold seats  
[2026-08-10 02:15:02] local.INFO: array (
  'success' => true,
  'released' => 0,
)  
[2026-08-10 02:16:01] local.INFO: release hold seats  
[2026-08-10 02:16:01] local.INFO: array (
  'success' => true,
  'released' => 0,
)  
[2026-08-10 02:17:01] local.INFO: release hold seats  
[2026-08-10 02:17:01] local.INFO: array (
  'success' => true,
  'released' => 0,
)  
[2026-08-10 02:18:01] local.INFO: release hold seats  
[2026-08-10 02:18:01] local.INFO: array (
  'success' => true,
  'released' => 0,
)  
[2026-08-10 02:19:01] local.INFO: release hold seats  
[2026-08-10 02:19:01] local.INFO: array (
  'success' => true,
  'released' => 0,
)  
[2026-08-10 02:20:01] local.INFO: release hold seats  
[2026-08-10 02:20:01] local.INFO: array (
  'success' => true,
  'released' => 0,
)  
[2026-08-10 02:21:01] local.INFO: release hold seats  
[2026-08-10 02:21:01] local.INFO: array (
  'success' => true,
  'released' => 0,
)  
[2026-08-10 02:22:01] local.INFO: release hold seats  
[2026-08-10 02:22:01] local.INFO: array (
  'success' => true,
  'released' => 0,
)  
[2026-08-10 02:23:01] local.INFO: release hold seats  
[2026-08-10 02:23:01] local.INFO: array (
  'success' => true,
  'released' => 0,
)  
[2026-08-10 02:24:02] local.INFO: release hold seats  
[2026-08-10 02:24:02] local.INFO: array (
  'success' => true,
  'released' => 0,
)  
[2026-08-10 02:25:01] local.INFO: release hold seats  
[2026-08-10 02:25:01] local.INFO: array (
  'success' => true,
  'released' => 0,
)  
[2026-08-10 02:26:02] local.INFO: release hold seats  
[2026-08-10 02:26:02] local.INFO: array (
  'success' => true,
  'released' => 0,
)  
[2026-08-10 02:27:01] local.INFO: release hold seats  
[2026-08-10 02:27:01] local.INFO: array (
  'success' => true,
  'released' => 0,
)  
[2026-08-10 02:28:01] local.INFO: release hold seats  
[2026-08-10 02:28:01] local.INFO: array (
  'success' => true,
  'released' => 0,
)  
[2026-08-10 02:29:01] local.INFO: release hold seats  
[2026-08-10 02:29:01] local.INFO: array (
  'success' => true,
  'released' => 0,
)  
[2026-08-10 02:30:01] local.INFO: release hold seats  
[2026-08-10 02:30:01] local.INFO: array (
  'success' => true,
  'released' => 0,
)  
[2026-08-10 02:31:01] local.INFO: release hold seats  
[2026-08-10 02:31:01] local.INFO: array (
  'success' => true,
  'released' => 0,
)  
[2026-08-10 02:32:01] local.INFO: release hold seats  
[2026-08-10 02:32:01] local.INFO: array (
  'success' => true,
  'released' => 0,
)  
[2026-08-10 02:33:01] local.INFO: release hold seats  
[2026-08-10 02:33:01] local.INFO: array (
  'success' => true,
  'released' => 0,
)  
[2026-08-10 02:34:01] local.INFO: release hold seats  
[2026-08-10 02:34:01] local.INFO: array (
  'success' => true,
  'released' => 0,
)  
[2026-08-10 02:35:01] local.INFO: release hold seats  
[2026-08-10 02:35:01] local.INFO: array (
  'success' => true,
  'released' => 0,
)  
[2026-08-10 02:36:01] local.INFO: release hold seats  
[2026-08-10 02:36:01] local.INFO: array (
  'success' => true,
  'released' => 0,
)  
[2026-08-10 02:37:01] local.INFO: release hold seats  
[2026-08-10 02:37:01] local.INFO: array (
  'success' => true,
  'released' => 0,
)  
[2026-08-10 02:38:01] local.INFO: release hold seats  
[2026-08-10 02:38:01] local.INFO: array (
  'success' => true,
  'released' => 0,
)  
[2026-08-10 02:39:01] local.INFO: release hold seats  
[2026-08-10 02:39:01] local.INFO: array (
  'success' => true,
  'released' => 0,
)  
[2026-08-10 02:40:01] local.INFO: release hold seats  
[2026-08-10 02:40:01] local.INFO: array (
  'success' => true,
  'released' => 0,
)  
[2026-08-10 02:41:01] local.INFO: release hold seats  
[2026-08-10 02:41:01] local.INFO: array (
  'success' => true,
  'released' => 0,
)  
[2026-08-10 02:42:01] local.INFO: release hold seats  
[2026-08-10 02:42:01] local.INFO: array (
  'success' => true,
  'released' => 0,
)  
[2026-08-10 02:43:01] local.INFO: release hold seats  
[2026-08-10 02:43:01] local.INFO: array (
  'success' => true,
  'released' => 0,
)  
[2026-08-10 02:44:01] local.INFO: release hold seats  
[2026-08-10 02:44:01] local.INFO: array (
  'success' => true,
  'released' => 0,
)  
[2026-08-10 02:45:01] local.INFO: release hold seats  
[2026-08-10 02:45:01] local.INFO: array (
  'success' => true,
  'released' => 0,
)  
[2026-08-10 02:46:01] local.INFO: release hold seats  
[2026-08-10 02:46:01] local.INFO: array (
  'success' => true,
  'released' => 0,
)  
[2026-08-10 02:47:01] local.INFO: release hold seats  
[2026-08-10 02:47:01] local.INFO: array (
  'success' => true,
  'released' => 0,
)  
[2026-08-10 02:48:01] local.INFO: release hold seats  
[2026-08-10 02:48:01] local.INFO: array (
  'success' => true,
  'released' => 0,
)  
[2026-08-10 02:49:01] local.INFO: release hold seats  
[2026-08-10 02:49:01] local.INFO: array (
  'success' => true,
  'released' => 0,
)  
[2026-08-10 02:49:42] local.ERROR: Trying to get property 'dep_time' of non-object {"userId":1,"exception":"[object] (ErrorException(code: 0): Trying to get property 'dep_time' of non-object at /home/adglob-odclient/htdocs/odclient.adglob.in/app/Repositories/PopularRepository.php:271)
[stacktrace]
#0 /home/adglob-odclient/htdocs/odclient.adglob.in/app/Repositories/PopularRepository.php(271): Illuminate\\Foundation\\Bootstrap\\HandleExceptions->handleError()
#1 /home/adglob-odclient/htdocs/odclient.adglob.in/app/Services/PopularService.php(332): App\\Repositories\\PopularRepository->GetDepartureTime()
#2 /home/adglob-odclient/htdocs/odclient.adglob.in/app/Http/Controllers/PopularController.php(221): App\\Services\\PopularService->operatorDetails()
#3 /home/adglob-odclient/htdocs/odclient.adglob.in/vendor/laravel/framework/src/Illuminate/Routing/Controller.php(54): App\\Http\\Controllers\\PopularController->operatorDetails()
#4 /home/adglob-odclient/htdocs/odclient.adglob.in/vendor/laravel/framework/src/Illuminate/Routing/ControllerDispatcher.php(45): Illuminate\\Routing\\Controller->callAction()
#5 /home/adglob-odclient/htdocs/odclient.adglob.in/vendor/laravel/framework/src/Illuminate/Routing/Route.php(262): Illuminate\\Routing\\ControllerDispatcher->dispatch()
#6 /home/adglob-odclient/htdocs/odclient.adglob.in/vendor/laravel/framework/src/Illuminate/Routing/Route.php(205): Illuminate\\Routing\\Route->runController()
#7 /home/adglob-odclient/htdocs/odclient.adglob.in/vendor/laravel/framework/src/Illuminate/Routing/Router.php(721): Illuminate\\Routing\\Route->run()
#8 /home/adglob-odclient/htdocs/odclient.adglob.in/vendor/laravel/framework/src/Illuminate/Pipeline/Pipeline.php(128): Illuminate\\Routing\\Router->Illuminate\\Routing\\{closure}()
#9 /home/adglob-odclient/htdocs/odclient.adglob.in/app/Http/Middleware/JwtMiddleware.php(40): Illuminate\\Pipeline\\Pipeline->Illuminate\\Pipeline\\{closure}()
#10 /home/adglob-odclient/htdocs/odclient.adglob.in/vendor/laravel/framework/src/Illuminate/Pipeline/Pipeline.php(167): App\\Http\\Middleware\\JwtMiddleware->handle()
#11 /home/adglob-odclient/htdocs/odclient.adglob.in/vendor/laravel/framework/src/Illuminate/Pipeline/Pipeline.php(103): Illuminate\\Pipeline\\Pipeline->Illuminate\\Pipeline\\{closure}()
#12 /home/adglob-odclient/htdocs/odclient.adglob.in/vendor/laravel/framework/src/Illuminate/Routing/Router.php(723): Illuminate\\Pipeline\\Pipeline->then()
#13 /home/adglob-odclient/htdocs/odclient.adglob.in/vendor/laravel/framework/src/Illuminate/Routing/Router.php(698): Illuminate\\Routing\\Router->runRouteWithinStack()
#14 /home/adglob-odclient/htdocs/odclient.adglob.in/vendor/laravel/framework/src/Illuminate/Routing/Router.php(662): Illuminate\\Routing\\Router->runRoute()
#15 /home/adglob-odclient/htdocs/odclient.adglob.in/vendor/laravel/framework/src/Illuminate/Routing/Router.php(651): Illuminate\\Routing\\Router->dispatchToRoute()
#16 /home/adglob-odclient/htdocs/odclient.adglob.in/vendor/laravel/framework/src/Illuminate/Foundation/Http/Kernel.php(167): Illuminate\\Routing\\Router->dispatch()
#17 /home/adglob-odclient/htdocs/odclient.adglob.in/vendor/laravel/framework/src/Illuminate/Pipeline/Pipeline.php(128): Illuminate\\Foundation\\Http\\Kernel->Illuminate\\Foundation\\Http\\{closure}()
#18 /home/adglob-odclient/htdocs/odclient.adglob.in/vendor/laravel/framework/src/Illuminate/View/Middleware/ShareErrorsFromSession.php(49): Illuminate\\Pipeline\\Pipeline->Illuminate\\Pipeline\\{closure}()
#19 /home/adglob-odclient/htdocs/odclient.adglob.in/vendor/laravel/framework/src/Illuminate/Pipeline/Pipeline.php(167): Illuminate\\View\\Middleware\\ShareErrorsFromSession->handle()
#20 /home/adglob-odclient/htdocs/odclient.adglob.in/vendor/laravel/framework/src/Illuminate/Session/Middleware/StartSession.php(121): Illuminate\\Pipeline\\Pipeline->Illuminate\\Pipeline\\{closure}()
#21 /home/adglob-odclient/htdocs/odclient.adglob.in/vendor/laravel/framework/src/Illuminate/Session/Middleware/StartSession.php(64): Illuminate\\Session\\Middleware\\StartSession->handleStatefulRequest()
#22 /home/adglob-odclient/htdocs/odclient.adglob.in/vendor/laravel/framework/src/Illuminate/Pipeline/Pipeline.php(167): Illuminate\\Session\\Middleware\\StartSession->handle()
#23 /home/adglob-odclient/htdocs/odclient.adglob.in/vendor/laravel/framework/src/Illuminate/Foundation/Http/Middleware/TransformsRequest.php(21): Illuminate\\Pipeline\\Pipeline->Illuminate\\Pipeline\\{closure}()
#24 /home/adglob-odclient/htdocs/odclient.adglob.in/vendor/laravel/framework/src/Illuminate/Foundation/Http/Middleware/ConvertEmptyStringsToNull.php(31): Illuminate\\Foundation\\Http\\Middleware\\TransformsRequest->handle()
#25 /home/adglob-odclient/htdocs/odclient.adglob.in/vendor/laravel/framework/src/Illuminate/Pipeline/Pipeline.php(167): Illuminate\\Foundation\\Http\\Middleware\\ConvertEmptyStringsToNull->handle()
#26 /home/adglob-odclient/htdocs/odclient.adglob.in/vendor/laravel/framework/src/Illuminate/Foundation/Http/Middleware/TransformsRequest.php(21): Illuminate\\Pipeline\\Pipeline->Illuminate\\Pipeline\\{closure}()
#27 /home/adglob-odclient/htdocs/odclient.adglob.in/vendor/laravel/framework/src/Illuminate/Foundation/Http/Middleware/TrimStrings.php(40): Illuminate\\Foundation\\Http\\Middleware\\TransformsRequest->handle()
#28 /home/adglob-odclient/htdocs/odclient.adglob.in/vendor/laravel/framework/src/Illuminate/Pipeline/Pipeline.php(167): Illuminate\\Foundation\\Http\\Middleware\\TrimStrings->handle()
#29 /home/adglob-odclient/htdocs/odclient.adglob.in/vendor/laravel/framework/src/Illuminate/Foundation/Http/Middleware/ValidatePostSize.php(27): Illuminate\\Pipeline\\Pipeline->Illuminate\\Pipeline\\{closure}()
#30 /home/adglob-odclient/htdocs/odclient.adglob.in/vendor/laravel/framework/src/Illuminate/Pipeline/Pipeline.php(167): Illuminate\\Foundation\\Http\\Middleware\\ValidatePostSize->handle()
#31 /home/adglob-odclient/htdocs/odclient.adglob.in/vendor/laravel/framework/src/Illuminate/Foundation/Http/Middleware/PreventRequestsDuringMaintenance.php(86): Illuminate\\Pipeline\\Pipeline->Illuminate\\Pipeline\\{closure}()
#32 /home/adglob-odclient/htdocs/odclient.adglob.in/vendor/laravel/framework/src/Illuminate/Pipeline/Pipeline.php(167): Illuminate\\Foundation\\Http\\Middleware\\PreventRequestsDuringMaintenance->handle()
#33 /home/adglob-odclient/htdocs/odclient.adglob.in/vendor/fruitcake/laravel-cors/src/HandleCors.php(52): Illuminate\\Pipeline\\Pipeline->Illuminate\\Pipeline\\{closure}()
#34 /home/adglob-odclient/htdocs/odclient.adglob.in/vendor/laravel/framework/src/Illuminate/Pipeline/Pipeline.php(167): Fruitcake\\Cors\\HandleCors->handle()
#35 /home/adglob-odclient/htdocs/odclient.adglob.in/vendor/fideloper/proxy/src/TrustProxies.php(57): Illuminate\\Pipeline\\Pipeline->Illuminate\\Pipeline\\{closure}()
#36 /home/adglob-odclient/htdocs/odclient.adglob.in/vendor/laravel/framework/src/Illuminate/Pipeline/Pipeline.php(167): Fideloper\\Proxy\\TrustProxies->handle()
#37 /home/adglob-odclient/htdocs/odclient.adglob.in/vendor/laravel/framework/src/Illuminate/Pipeline/Pipeline.php(103): Illuminate\\Pipeline\\Pipeline->Illuminate\\Pipeline\\{closure}()
#38 /home/adglob-odclient/htdocs/odclient.adglob.in/vendor/laravel/framework/src/Illuminate/Foundation/Http/Kernel.php(142): Illuminate\\Pipeline\\Pipeline->then()
#39 /home/adglob-odclient/htdocs/odclient.adglob.in/vendor/laravel/framework/src/Illuminate/Foundation/Http/Kernel.php(111): Illuminate\\Foundation\\Http\\Kernel->sendRequestThroughRouter()
#40 /home/adglob-odclient/htdocs/odclient.adglob.in/index.php(103): Illuminate\\Foundation\\Http\\Kernel->handle()
#41 {main}
"} 
[2026-08-10 02:50:02] local.INFO: release hold seats  
[2026-08-10 02:50:02] local.INFO: array (
  'success' => true,
  'released' => 0,
)  
[2026-08-10 02:51:01] local.INFO: release hold seats  
[2026-08-10 02:51:01] local.INFO: array (
  'success' => true,
  'released' => 0,
)  
[2026-08-10 02:52:01] local.INFO: release hold seats  
[2026-08-10 02:52:01] local.INFO: array (
  'success' => true,
  'released' => 0,
)  
[2026-08-10 02:53:01] local.INFO: release hold seats  
[2026-08-10 02:53:01] local.INFO: array (
  'success' => true,
  'released' => 0,
)  
[2026-08-10 02:54:02] local.INFO: release hold seats  
[2026-08-10 02:54:02] local.INFO: array (
  'success' => true,
  'released' => 0,
)  
[2026-08-10 02:55:01] local.INFO: release hold seats  
[2026-08-10 02:55:01] local.INFO: array (
  'success' => true,
  'released' => 0,
)  
[2026-08-10 02:56:01] local.INFO: release hold seats  
[2026-08-10 02:56:01] local.INFO: array (
  'success' => true,
  'released' => 0,
)  
[2026-08-10 02:57:01] local.INFO: release hold seats  
[2026-08-10 02:57:01] local.INFO: array (
  'success' => true,
  'released' => 0,
)  
[2026-08-10 02:58:01] local.INFO: release hold seats  
[2026-08-10 02:58:01] local.INFO: array (
  'success' => true,
  'released' => 0,
)  
[2026-08-10 02:59:01] local.INFO: release hold seats  
[2026-08-10 02:59:01] local.INFO: array (
  'success' => true,
  'released' => 0,
)  
[2026-08-10 03:00:01] local.INFO: release hold seats  
[2026-08-10 03:00:01] local.INFO: array (
  'success' => true,
  'released' => 0,
)  
[2026-08-10 03:01:01] local.INFO: release hold seats  
[2026-08-10 03:01:01] local.INFO: array (
  'success' => true,
  'released' => 0,
)  
[2026-08-10 03:02:01] local.INFO: release hold seats  
[2026-08-10 03:02:01] local.INFO: array (
  'success' => true,
  'released' => 0,
)  
[2026-08-10 03:03:01] local.INFO: release hold seats  
[2026-08-10 03:03:01] local.INFO: array (
  'success' => true,
  'released' => 0,
)  
[2026-08-10 03:04:01] local.INFO: release hold seats  
[2026-08-10 03:04:01] local.INFO: array (
  'success' => true,
  'released' => 0,
)  
[2026-08-10 03:05:01] local.INFO: release hold seats  
[2026-08-10 03:05:01] local.INFO: array (
  'success' => true,
  'released' => 0,
)  
[2026-08-10 03:06:01] local.INFO: release hold seats  
[2026-08-10 03:06:01] local.INFO: array (
  'success' => true,
  'released' => 0,
)  
[2026-08-10 03:07:01] local.INFO: release hold seats  
[2026-08-10 03:07:01] local.INFO: array (
  'success' => true,
  'released' => 0,
)  
[2026-08-10 03:08:01] local.INFO: release hold seats  
[2026-08-10 03:08:01] local.INFO: array (
  'success' => true,
  'released' => 0,
)  
[2026-08-10 03:09:02] local.INFO: release hold seats  
[2026-08-10 03:09:02] local.INFO: array (
  'success' => true,
  'released' => 0,
)  
[2026-08-10 03:10:01] local.INFO: release hold seats  
[2026-08-10 03:10:01] local.INFO: array (
  'success' => true,
  'released' => 0,
)  
[2026-08-10 03:11:01] local.INFO: release hold seats  
[2026-08-10 03:11:01] local.INFO: array (
  'success' => true,
  'released' => 0,
)  
[2026-08-10 03:12:01] local.INFO: release hold seats  
[2026-08-10 03:12:01] local.INFO: array (
  'success' => true,
  'released' => 0,
)  
[2026-08-10 03:13:01] local.INFO: release hold seats  
[2026-08-10 03:13:01] local.INFO: array (
  'success' => true,
  'released' => 0,
)  
[2026-08-10 03:14:01] local.INFO: release hold seats  
[2026-08-10 03:14:01] local.INFO: array (
  'success' => true,
  'released' => 0,
)  
[2026-08-10 03:15:01] local.INFO: release hold seats  
[2026-08-10 03:15:01] local.INFO: array (
  'success' => true,
  'released' => 0,
)  
[2026-08-10 03:16:01] local.INFO: release hold seats  
[2026-08-10 03:16:01] local.INFO: array (
  'success' => true,
  'released' => 0,
)  
[2026-08-10 03:17:01] local.INFO: release hold seats  
[2026-08-10 03:17:01] local.INFO: array (
  'success' => true,
  'released' => 0,
)  
[2026-08-10 03:18:01] local.INFO: release hold seats  
[2026-08-10 03:18:01] local.INFO: array (
  'success' => true,
  'released' => 0,
)  
[2026-08-10 03:19:02] local.INFO: release hold seats  
[2026-08-10 03:19:02] local.INFO: array (
  'success' => true,
  'released' => 0,
)  
[2026-08-10 03:20:01] local.INFO: release hold seats  
[2026-08-10 03:20:01] local.INFO: array (
  'success' => true,
  'released' => 0,
)  
[2026-08-10 03:21:01] local.INFO: release hold seats  
[2026-08-10 03:21:01] local.INFO: array (
  'success' => true,
  'released' => 0,
)  
[2026-08-10 03:22:01] local.INFO: release hold seats  
[2026-08-10 03:22:01] local.INFO: array (
  'success' => true,
  'released' => 0,
)  
[2026-08-10 03:23:01] local.INFO: release hold seats  
[2026-08-10 03:23:01] local.INFO: array (
  'success' => true,
  'released' => 0,
)  
[2026-08-10 03:24:01] local.INFO: release hold seats  
[2026-08-10 03:24:01] local.INFO: array (
  'success' => true,
  'released' => 0,
)  
[2026-08-10 03:25:01] local.INFO: release hold seats  
[2026-08-10 03:25:01] local.INFO: array (
  'success' => true,
  'released' => 0,
)  
[2026-08-10 03:26:01] local.INFO: release hold seats  
[2026-08-10 03:26:01] local.INFO: array (
  'success' => true,
  'released' => 0,
)  
[2026-08-10 03:27:02] local.INFO: release hold seats  
[2026-08-10 03:27:02] local.INFO: array (
  'success' => true,
  'released' => 0,
)  
[2026-08-10 03:28:01] local.INFO: release hold seats  
[2026-08-10 03:28:01] local.INFO: array (
  'success' => true,
  'released' => 0,
)  
[2026-08-10 03:29:01] local.INFO: release hold seats  
[2026-08-10 03:29:01] local.INFO: array (
  'success' => true,
  'released' => 0,
)  
[2026-08-10 03:30:01] local.INFO: release hold seats  
[2026-08-10 03:30:01] local.INFO: array (
  'success' => true,
  'released' => 0,
)  
[2026-08-10 03:31:01] local.INFO: release hold seats  
[2026-08-10 03:31:01] local.INFO: array (
  'success' => true,
  'released' => 0,
)  
[2026-08-10 03:32:01] local.INFO: release hold seats  
[2026-08-10 03:32:01] local.INFO: array (
  'success' => true,
  'released' => 0,
)  
[2026-08-10 03:33:01] local.INFO: release hold seats  
[2026-08-10 03:33:01] local.INFO: array (
  'success' => true,
  'released' => 0,
)  
[2026-08-10 03:34:01] local.INFO: release hold seats  
[2026-08-10 03:34:01] local.INFO: array (
  'success' => true,
  'released' => 0,
)  
[2026-08-10 03:35:01] local.INFO: release hold seats  
[2026-08-10 03:35:01] local.INFO: array (
  'success' => true,
  'released' => 0,
)  
[2026-08-10 03:36:02] local.INFO: release hold seats  
[2026-08-10 03:36:02] local.INFO: array (
  'success' => true,
  'released' => 0,
)  
[2026-08-10 03:37:01] local.INFO: release hold seats  
[2026-08-10 03:37:01] local.INFO: array (
  'success' => true,
  'released' => 0,
)  
[2026-08-10 03:38:02] local.INFO: release hold seats  
[2026-08-10 03:38:02] local.INFO: array (
  'success' => true,
  'released' => 0,
)  
[2026-08-10 03:39:01] local.INFO: release hold seats  
[2026-08-10 03:39:01] local.INFO: array (
  'success' => true,
  'released' => 0,
)  
[2026-08-10 03:40:01] local.INFO: release hold seats  
[2026-08-10 03:40:01] local.INFO: array (
  'success' => true,
  'released' => 0,
)  
[2026-08-10 03:41:01] local.INFO: release hold seats  
[2026-08-10 03:41:01] local.INFO: array (
  'success' => true,
  'released' => 0,
)  
[2026-08-10 03:42:02] local.INFO: release hold seats  
[2026-08-10 03:42:02] local.INFO: array (
  'success' => true,
  'released' => 0,
)  
[2026-08-10 03:43:01] local.INFO: release hold seats  
[2026-08-10 03:43:01] local.INFO: array (
  'success' => true,
  'released' => 0,
)  
[2026-08-10 03:44:01] local.INFO: release hold seats  
[2026-08-10 03:44:01] local.INFO: array (
  'success' => true,
  'released' => 0,
)  
[2026-08-10 03:45:01] local.INFO: release hold seats  
[2026-08-10 03:45:01] local.INFO: array (
  'success' => true,
  'released' => 0,
)  
[2026-08-10 03:46:01] local.INFO: release hold seats  
[2026-08-10 03:46:01] local.INFO: array (
  'success' => true,
  'released' => 0,
)  
[2026-08-10 03:47:01] local.INFO: release hold seats  
[2026-08-10 03:47:01] local.INFO: array (
  'success' => true,
  'released' => 0,
)  
[2026-08-10 03:48:01] local.INFO: release hold seats  
[2026-08-10 03:48:01] local.INFO: array (
  'success' => true,
  'released' => 0,
)  
[2026-08-10 03:49:01] local.INFO: release hold seats  
[2026-08-10 03:49:01] local.INFO: array (
  'success' => true,
  'released' => 0,
)  
[2026-08-10 03:50:01] local.INFO: release hold seats  
[2026-08-10 03:50:01] local.INFO: array (
  'success' => true,
  'released' => 0,
)  
[2026-08-10 03:51:01] local.INFO: release hold seats  
[2026-08-10 03:51:01] local.INFO: array (
  'success' => true,
  'released' => 0,
)  
[2026-08-10 03:52:01] local.INFO: release hold seats  
[2026-08-10 03:52:01] local.INFO: array (
  'success' => true,
  'released' => 0,
)  
[2026-08-10 03:53:01] local.INFO: release hold seats  
[2026-08-10 03:53:01] local.INFO: array (
  'success' => true,
  'released' => 0,
)  
[2026-08-10 03:54:01] local.INFO: release hold seats  
[2026-08-10 03:54:01] local.INFO: array (
  'success' => true,
  'released' => 0,
)  
[2026-08-10 03:55:01] local.INFO: release hold seats  
[2026-08-10 03:55:01] local.INFO: array (
  'success' => true,
  'released' => 0,
)  
[2026-08-10 03:56:01] local.INFO: release hold seats  
[2026-08-10 03:56:01] local.INFO: array (
  'success' => true,
  'released' => 0,
)  
[2026-08-10 03:57:01] local.INFO: release hold seats  
[2026-08-10 03:57:01] local.INFO: array (
  'success' => true,
  'released' => 0,
)  
[2026-08-10 03:58:01] local.INFO: release hold seats  
[2026-08-10 03:58:01] local.INFO: array (
  'success' => true,
  'released' => 0,
)  
[2026-08-10 03:59:01] local.INFO: release hold seats  
[2026-08-10 03:59:01] local.INFO: array (
  'success' => true,
  'released' => 0,
)  
[2026-08-10 04:00:02] local.INFO: release hold seats  
[2026-08-10 04:00:02] local.INFO: array (
  'success' => true,
  'released' => 0,
)  
[2026-08-10 04:01:01] local.INFO: release hold seats  
[2026-08-10 04:01:01] local.INFO: array (
  'success' => true,
  'released' => 0,
)  
[2026-08-10 04:02:01] local.INFO: release hold seats  
[2026-08-10 04:02:01] local.INFO: array (
  'success' => true,
  'released' => 0,
)  
[2026-08-10 04:03:01] local.INFO: release hold seats  
[2026-08-10 04:03:01] local.INFO: array (
  'success' => true,
  'released' => 0,
)  
[2026-08-10 04:04:02] local.INFO: release hold seats  
[2026-08-10 04:04:02] local.INFO: array (
  'success' => true,
  'released' => 0,
)  
[2026-08-10 04:05:01] local.INFO: release hold seats  
[2026-08-10 04:05:01] local.INFO: array (
  'success' => true,
  'released' => 0,
)  
[2026-08-10 04:06:01] local.INFO: release hold seats  
[2026-08-10 04:06:01] local.INFO: array (
  'success' => true,
  'released' => 0,
)  
[2026-08-10 04:07:01] local.INFO: release hold seats  
[2026-08-10 04:07:01] local.INFO: array (
  'success' => true,
  'released' => 0,
)  
[2026-08-10 04:08:01] local.INFO: release hold seats  
[2026-08-10 04:08:01] local.INFO: array (
  'success' => true,
  'released' => 0,
)  
[2026-08-10 04:09:01] local.INFO: release hold seats  
[2026-08-10 04:09:01] local.INFO: array (
  'success' => true,
  'released' => 0,
)  
[2026-08-10 04:10:01] local.INFO: release hold seats  
[2026-08-10 04:10:01] local.INFO: array (
  'success' => true,
  'released' => 0,
)  
[2026-08-10 04:11:01] local.INFO: release hold seats  
[2026-08-10 04:11:01] local.INFO: array (
  'success' => true,
  'released' => 0,
)  
[2026-08-10 04:12:01] local.INFO: release hold seats  
[2026-08-10 04:12:01] local.INFO: array (
  'success' => true,
  'released' => 0,
)  
[2026-08-10 04:13:01] local.INFO: release hold seats  
[2026-08-10 04:13:01] local.INFO: array (
  'success' => true,
  'released' => 0,
)  
[2026-08-10 04:14:01] local.INFO: release hold seats  
[2026-08-10 04:14:01] local.INFO: array (
  'success' => true,
  'released' => 0,
)  
[2026-08-10 04:15:01] local.INFO: release hold seats  
[2026-08-10 04:15:01] local.INFO: array (
  'success' => true,
  'released' => 0,
)  
[2026-08-10 04:16:01] local.INFO: release hold seats  
[2026-08-10 04:16:01] local.INFO: array (
  'success' => true,
  'released' => 0,
)  
[2026-08-10 04:17:01] local.INFO: release hold seats  
[2026-08-10 04:17:01] local.INFO: array (
  'success' => true,
  'released' => 0,
)  
[2026-08-10 04:18:01] local.INFO: release hold seats  
[2026-08-10 04:18:01] local.INFO: array (
  'success' => true,
  'released' => 0,
)  
[2026-08-10 04:19:01] local.INFO: release hold seats  
[2026-08-10 04:19:01] local.INFO: array (
  'success' => true,
  'released' => 0,
)  
[2026-08-10 04:20:01] local.INFO: release hold seats  
[2026-08-10 04:20:01] local.INFO: array (
  'success' => true,
  'released' => 0,
)  
[2026-08-10 04:21:01] local.INFO: release hold seats  
[2026-08-10 04:21:01] local.INFO: array (
  'success' => true,
  'released' => 0,
)  
[2026-08-10 04:22:01] local.INFO: release hold seats  
[2026-08-10 04:22:01] local.INFO: array (
  'success' => true,
  'released' => 0,
)  
[2026-08-10 04:23:01] local.INFO: release hold seats  
[2026-08-10 04:23:01] local.INFO: array (
  'success' => true,
  'released' => 0,
)  
[2026-08-10 04:24:01] local.INFO: release hold seats  
[2026-08-10 04:24:01] local.INFO: array (
  'success' => true,
  'released' => 0,
)  
[2026-08-10 04:25:01] local.INFO: release hold seats  
[2026-08-10 04:25:01] local.INFO: array (
  'success' => true,
  'released' => 0,
)  
[2026-08-10 04:26:01] local.INFO: release hold seats  
[2026-08-10 04:26:01] local.INFO: array (
  'success' => true,
  'released' => 0,
)  
[2026-08-10 04:27:01] local.INFO: release hold seats  
[2026-08-10 04:27:01] local.INFO: array (
  'success' => true,
  'released' => 0,
)  
[2026-08-10 04:28:01] local.INFO: release hold seats  
[2026-08-10 04:28:01] local.INFO: array (
  'success' => true,
  'released' => 0,
)  
[2026-08-10 04:29:01] local.INFO: release hold seats  
[2026-08-10 04:29:01] local.INFO: array (
  'success' => true,
  'released' => 0,
)  
[2026-08-10 04:30:01] local.INFO: release hold seats  
[2026-08-10 04:30:01] local.INFO: array (
  'success' => true,
  'released' => 0,
)  
[2026-08-10 04:31:01] local.INFO: release hold seats  
[2026-08-10 04:31:01] local.INFO: array (
  'success' => true,
  'released' => 0,
)  
[2026-08-10 04:32:01] local.INFO: release hold seats  
[2026-08-10 04:32:01] local.INFO: array (
  'success' => true,
  'released' => 0,
)  
[2026-08-10 04:33:01] local.INFO: release hold seats  
[2026-08-10 04:33:01] local.INFO: array (
  'success' => true,
  'released' => 0,
)  
[2026-08-10 04:34:01] local.INFO: release hold seats  
[2026-08-10 04:34:01] local.INFO: array (
  'success' => true,
  'released' => 0,
)  
[2026-08-10 04:35:01] local.INFO: release hold seats  
[2026-08-10 04:35:01] local.INFO: array (
  'success' => true,
  'released' => 0,
)  
[2026-08-10 04:36:01] local.INFO: release hold seats  
[2026-08-10 04:36:01] local.INFO: array (
  'success' => true,
  'released' => 0,
)  
[2026-08-10 04:37:01] local.INFO: release hold seats  
[2026-08-10 04:37:01] local.INFO: array (
  'success' => true,
  'released' => 0,
)  
[2026-08-10 04:38:02] local.INFO: release hold seats  
[2026-08-10 04:38:02] local.INFO: array (
  'success' => true,
  'released' => 0,
)  
[2026-08-10 04:39:01] local.INFO: release hold seats  
[2026-08-10 04:39:01] local.INFO: array (
  'success' => true,
  'released' => 0,
)  
[2026-08-10 04:40:01] local.INFO: release hold seats  
[2026-08-10 04:40:01] local.INFO: array (
  'success' => true,
  'released' => 0,
)  
[2026-08-10 04:41:01] local.INFO: release hold seats  
[2026-08-10 04:41:01] local.INFO: array (
  'success' => true,
  'released' => 0,
)  
[2026-08-10 04:42:01] local.INFO: release hold seats  
[2026-08-10 04:42:01] local.INFO: array (
  'success' => true,
  'released' => 0,
)  
[2026-08-10 04:43:01] local.INFO: release hold seats  
[2026-08-10 04:43:01] local.INFO: array (
  'success' => true,
  'released' => 0,
)  
[2026-08-10 04:44:01] local.INFO: release hold seats  
[2026-08-10 04:44:01] local.INFO: array (
  'success' => true,
  'released' => 0,
)  
[2026-08-10 04:45:02] local.INFO: release hold seats  
[2026-08-10 04:45:02] local.INFO: array (
  'success' => true,
  'released' => 0,
)  
[2026-08-10 04:46:01] local.INFO: release hold seats  
[2026-08-10 04:46:01] local.INFO: array (
  'success' => true,
  'released' => 0,
)  
[2026-08-10 04:47:01] local.INFO: release hold seats  
[2026-08-10 04:47:01] local.INFO: array (
  'success' => true,
  'released' => 0,
)  
[2026-08-10 04:48:01] local.INFO: release hold seats  
[2026-08-10 04:48:01] local.INFO: array (
  'success' => true,
  'released' => 0,
)  
[2026-08-10 04:49:01] local.INFO: release hold seats  
[2026-08-10 04:49:01] local.INFO: array (
  'success' => true,
  'released' => 0,
)  
[2026-08-10 04:50:01] local.INFO: release hold seats  
[2026-08-10 04:50:01] local.INFO: array (
  'success' => true,
  'released' => 0,
)  
[2026-08-10 04:51:01] local.INFO: release hold seats  
[2026-08-10 04:51:01] local.INFO: array (
  'success' => true,
  'released' => 0,
)  
[2026-08-10 04:52:01] local.INFO: release hold seats  
[2026-08-10 04:52:01] local.INFO: array (
  'success' => true,
  'released' => 0,
)  
[2026-08-10 04:53:01] local.INFO: release hold seats  
[2026-08-10 04:53:01] local.INFO: array (
  'success' => true,
  'released' => 0,
)  
[2026-08-10 04:54:01] local.INFO: release hold seats  
[2026-08-10 04:54:01] local.INFO: array (
  'success' => true,
  'released' => 0,
)  
[2026-08-10 04:55:01] local.INFO: release hold seats  
[2026-08-10 04:55:01] local.INFO: array (
  'success' => true,
  'released' => 0,
)  
[2026-08-10 04:56:01] local.INFO: release hold seats  
[2026-08-10 04:56:01] local.INFO: array (
  'success' => true,
  'released' => 0,
)  
[2026-08-10 04:57:01] local.INFO: release hold seats  
[2026-08-10 04:57:01] local.INFO: array (
  'success' => true,
  'released' => 0,
)  
[2026-08-10 04:58:01] local.INFO: release hold seats  
[2026-08-10 04:58:01] local.INFO: array (
  'success' => true,
  'released' => 0,
)  
[2026-08-10 04:59:01] local.INFO: release hold seats  
[2026-08-10 04:59:01] local.INFO: array (
  'success' => true,
  'released' => 0,
)  
[2026-08-10 05:00:01] local.INFO: release hold seats  
[2026-08-10 05:00:01] local.INFO: array (
  'success' => true,
  'released' => 0,
)  
[2026-08-10 05:01:01] local.INFO: release hold seats  
[2026-08-10 05:01:01] local.INFO: array (
  'success' => true,
  'released' => 0,
)  
[2026-08-10 05:02:01] local.INFO: release hold seats  
[2026-08-10 05:02:01] local.INFO: array (
  'success' => true,
  'released' => 0,
)  
[2026-08-10 05:03:01] local.INFO: release hold seats  
[2026-08-10 05:03:01] local.INFO: array (
  'success' => true,
  'released' => 0,
)  
[2026-08-10 05:04:01] local.INFO: release hold seats  
[2026-08-10 05:04:01] local.INFO: array (
  'success' => true,
  'released' => 0,
)  
[2026-08-10 05:05:01] local.INFO: release hold seats  
[2026-08-10 05:05:01] local.INFO: array (
  'success' => true,
  'released' => 0,
)  
[2026-08-10 05:06:01] local.INFO: release hold seats  
[2026-08-10 05:06:01] local.INFO: array (
  'success' => true,
  'released' => 0,
)  
[2026-08-10 05:07:01] local.INFO: release hold seats  
[2026-08-10 05:07:01] local.INFO: array (
  'success' => true,
  'released' => 0,
)  
[2026-08-10 05:08:01] local.INFO: release hold seats  
[2026-08-10 05:08:01] local.INFO: array (
  'success' => true,
  'released' => 0,
)  
[2026-08-10 05:09:01] local.INFO: release hold seats  
[2026-08-10 05:09:01] local.INFO: array (
  'success' => true,
  'released' => 0,
)  
[2026-08-10 05:10:01] local.INFO: release hold seats  
[2026-08-10 05:10:01] local.INFO: array (
  'success' => true,
  'released' => 0,
)  
[2026-08-10 05:11:01] local.INFO: release hold seats  
[2026-08-10 05:11:01] local.INFO: array (
  'success' => true,
  'released' => 0,
)  
[2026-08-10 05:12:01] local.INFO: release hold seats  
[2026-08-10 05:12:01] local.INFO: array (
  'success' => true,
  'released' => 0,
)  
[2026-08-10 05:13:01] local.INFO: release hold seats  
[2026-08-10 05:13:01] local.INFO: array (
  'success' => true,
  'released' => 0,
)  
[2026-08-10 05:14:01] local.INFO: release hold seats  
[2026-08-10 05:14:01] local.INFO: array (
  'success' => true,
  'released' => 0,
)  
[2026-08-10 05:15:01] local.INFO: release hold seats  
[2026-08-10 05:15:01] local.INFO: array (
  'success' => true,
  'released' => 0,
)  
[2026-08-10 05:16:01] local.INFO: release hold seats  
[2026-08-10 05:16:01] local.INFO: array (
  'success' => true,
  'released' => 0,
)  
[2026-08-10 05:17:01] local.INFO: release hold seats  
[2026-08-10 05:17:01] local.INFO: array (
  'success' => true,
  'released' => 0,
)  
[2026-08-10 05:18:01] local.INFO: release hold seats  
[2026-08-10 05:18:01] local.INFO: array (
  'success' => true,
  'released' => 0,
)  
[2026-08-10 05:19:01] local.INFO: release hold seats  
[2026-08-10 05:19:01] local.INFO: array (
  'success' => true,
  'released' => 0,
)  
[2026-08-10 05:20:01] local.INFO: release hold seats  
[2026-08-10 05:20:01] local.INFO: array (
  'success' => true,
  'released' => 0,
)  
[2026-08-10 05:21:01] local.INFO: release hold seats  
[2026-08-10 05:21:01] local.INFO: array (
  'success' => true,
  'released' => 0,
)  
[2026-08-10 05:22:01] local.INFO: release hold seats  
[2026-08-10 05:22:01] local.INFO: array (
  'success' => true,
  'released' => 0,
)  
[2026-08-10 05:23:01] local.INFO: release hold seats  
[2026-08-10 05:23:01] local.INFO: array (
  'success' => true,
  'released' => 0,
)  
[2026-08-10 05:24:01] local.INFO: release hold seats  
[2026-08-10 05:24:01] local.INFO: array (
  'success' => true,
  'released' => 0,
)  
[2026-08-10 05:25:01] local.INFO: release hold seats  
[2026-08-10 05:25:01] local.INFO: array (
  'success' => true,
  'released' => 0,
)  
[2026-08-10 05:26:01] local.INFO: release hold seats  
[2026-08-10 05:26:01] local.INFO: array (
  'success' => true,
  'released' => 0,
)  
[2026-08-10 05:27:02] local.INFO: release hold seats  
[2026-08-10 05:27:02] local.INFO: array (
  'success' => true,
  'released' => 0,
)  
[2026-08-10 05:28:01] local.INFO: release hold seats  
[2026-08-10 05:28:01] local.INFO: array (
  'success' => true,
  'released' => 0,
)  
[2026-08-10 05:29:01] local.INFO: release hold seats  
[2026-08-10 05:29:01] local.INFO: array (
  'success' => true,
  'released' => 0,
)  
[2026-08-10 05:30:03] local.INFO: release hold seats  
[2026-08-10 05:30:03] local.INFO: array (
  'success' => true,
  'released' => 0,
)  
[2026-08-10 05:31:01] local.INFO: release hold seats  
[2026-08-10 05:31:01] local.INFO: array (
  'success' => true,
  'released' => 0,
)  
[2026-08-10 05:32:01] local.INFO: release hold seats  
[2026-08-10 05:32:01] local.INFO: array (
  'success' => true,
  'released' => 0,
)  
[2026-08-10 05:33:01] local.INFO: release hold seats  
[2026-08-10 05:33:01] local.INFO: array (
  'success' => true,
  'released' => 0,
)  
[2026-08-10 05:34:01] local.INFO: release hold seats  
[2026-08-10 05:34:01] local.INFO: array (
  'success' => true,
  'released' => 0,
)  
[2026-08-10 05:35:01] local.INFO: release hold seats  
[2026-08-10 05:35:01] local.INFO: array (
  'success' => true,
  'released' => 0,
)  
[2026-08-10 05:36:02] local.INFO: release hold seats  
[2026-08-10 05:36:02] local.INFO: array (
  'success' => true,
  'released' => 0,
)  
[2026-08-10 05:37:01] local.INFO: release hold seats  
[2026-08-10 05:37:01] local.INFO: array (
  'success' => true,
  'released' => 0,
)  
[2026-08-10 05:38:01] local.INFO: release hold seats  
[2026-08-10 05:38:01] local.INFO: array (
  'success' => true,
  'released' => 0,
)  
[2026-08-10 05:39:01] local.INFO: release hold seats  
[2026-08-10 05:39:01] local.INFO: array (
  'success' => true,
  'released' => 0,
)  
[2026-08-10 05:40:01] local.INFO: release hold seats  
[2026-08-10 05:40:01] local.INFO: array (
  'success' => true,
  'released' => 0,
)  
[2026-08-10 05:41:01] local.INFO: release hold seats  
[2026-08-10 05:41:01] local.INFO: array (
  'success' => true,
  'released' => 0,
)  
[2026-08-10 05:42:01] local.INFO: release hold seats  
[2026-08-10 05:42:01] local.INFO: array (
  'success' => true,
  'released' => 0,
)  
[2026-08-10 05:43:01] local.INFO: release hold seats  
[2026-08-10 05:43:01] local.INFO: array (
  'success' => true,
  'released' => 0,
)  
[2026-08-10 05:44:01] local.INFO: release hold seats  
[2026-08-10 05:44:01] local.INFO: array (
  'success' => true,
  'released' => 0,
)  
[2026-08-10 05:45:01] local.INFO: release hold seats  
[2026-08-10 05:45:01] local.INFO: array (
  'success' => true,
  'released' => 0,
)  
[2026-08-10 05:46:01] local.INFO: release hold seats  
[2026-08-10 05:46:01] local.INFO: array (
  'success' => true,
  'released' => 0,
)  
[2026-08-10 05:47:01] local.INFO: release hold seats  
[2026-08-10 05:47:01] local.INFO: array (
  'success' => true,
  'released' => 0,
)  
[2026-08-10 05:48:01] local.INFO: release hold seats  
[2026-08-10 05:48:01] local.INFO: array (
  'success' => true,
  'released' => 0,
)  
[2026-08-10 05:49:01] local.INFO: release hold seats  
[2026-08-10 05:49:01] local.INFO: array (
  'success' => true,
  'released' => 0,
)  
[2026-08-10 05:50:02] local.INFO: release hold seats  
[2026-08-10 05:50:02] local.INFO: array (
  'success' => true,
  'released' => 0,
)  
[2026-08-10 05:51:01] local.INFO: release hold seats  
[2026-08-10 05:51:01] local.INFO: array (
  'success' => true,
  'released' => 0,
)  
[2026-08-10 05:52:01] local.INFO: release hold seats  
[2026-08-10 05:52:01] local.INFO: array (
  'success' => true,
  'released' => 0,
)  
[2026-08-10 05:53:01] local.INFO: release hold seats  
[2026-08-10 05:53:01] local.INFO: array (
  'success' => true,
  'released' => 0,
)  
[2026-08-10 05:54:01] local.INFO: release hold seats  
[2026-08-10 05:54:01] local.INFO: array (
  'success' => true,
  'released' => 0,
)  
[2026-08-10 05:55:01] local.INFO: release hold seats  
[2026-08-10 05:55:01] local.INFO: array (
  'success' => true,
  'released' => 0,
)  
[2026-08-10 05:56:02] local.INFO: release hold seats  
[2026-08-10 05:56:02] local.INFO: array (
  'success' => true,
  'released' => 0,
)  
[2026-08-10 05:57:01] local.INFO: release hold seats  
[2026-08-10 05:57:01] local.INFO: array (
  'success' => true,
  'released' => 0,
)  
[2026-08-10 05:58:01] local.INFO: release hold seats  
[2026-08-10 05:58:01] local.INFO: array (
  'success' => true,
  'released' => 0,
)  
[2026-08-10 05:59:01] local.INFO: release hold seats  
[2026-08-10 05:59:01] local.INFO: array (
  'success' => true,
  'released' => 0,
)  
[2026-08-10 06:00:01] local.INFO: release hold seats  
[2026-08-10 06:00:01] local.INFO: array (
  'success' => true,
  'released' => 0,
)  
[2026-08-10 06:01:01] local.INFO: release hold seats  
[2026-08-10 06:01:01] local.INFO: array (
  'success' => true,
  'released' => 0,
)  
[2026-08-10 06:02:01] local.INFO: release hold seats  
[2026-08-10 06:02:01] local.INFO: array (
  'success' => true,
  'released' => 0,
)  
[2026-08-10 06:03:01] local.INFO: release hold seats  
[2026-08-10 06:03:01] local.INFO: array (
  'success' => true,
  'released' => 0,
)  
[2026-08-10 06:04:01] local.INFO: release hold seats  
[2026-08-10 06:04:01] local.INFO: array (
  'success' => true,
  'released' => 0,
)  
[2026-08-10 06:05:01] local.INFO: release hold seats  
[2026-08-10 06:05:01] local.INFO: array (
  'success' => true,
  'released' => 0,
)  
[2026-08-10 06:06:01] local.INFO: release hold seats  
[2026-08-10 06:06:01] local.INFO: array (
  'success' => true,
  'released' => 0,
)  
[2026-08-10 06:07:01] local.INFO: release hold seats  
[2026-08-10 06:07:01] local.INFO: array (
  'success' => true,
  'released' => 0,
)  
[2026-08-10 06:08:01] local.INFO: release hold seats  
[2026-08-10 06:08:01] local.INFO: array (
  'success' => true,
  'released' => 0,
)  
[2026-08-10 06:09:02] local.INFO: release hold seats  
[2026-08-10 06:09:02] local.INFO: array (
  'success' => true,
  'released' => 0,
)  
[2026-08-10 06:10:01] local.INFO: release hold seats  
[2026-08-10 06:10:01] local.INFO: array (
  'success' => true,
  'released' => 0,
)  
[2026-08-10 06:11:01] local.INFO: release hold seats  
[2026-08-10 06:11:01] local.INFO: array (
  'success' => true,
  'released' => 0,
)  
[2026-08-10 06:12:01] local.INFO: release hold seats  
[2026-08-10 06:12:01] local.INFO: array (
  'success' => true,
  'released' => 0,
)  
[2026-08-10 06:13:01] local.INFO: release hold seats  
[2026-08-10 06:13:01] local.INFO: array (
  'success' => true,
  'released' => 0,
)  
[2026-08-10 06:14:01] local.INFO: release hold seats  
[2026-08-10 06:14:01] local.INFO: array (
  'success' => true,
  'released' => 0,
)  
[2026-08-10 06:15:02] local.INFO: release hold seats  
[2026-08-10 06:15:02] local.INFO: array (
  'success' => true,
  'released' => 0,
)  
[2026-08-10 06:16:01] local.INFO: release hold seats  
[2026-08-10 06:16:01] local.INFO: array (
  'success' => true,
  'released' => 0,
)  
[2026-08-10 06:17:01] local.INFO: release hold seats  
[2026-08-10 06:17:01] local.INFO: array (
  'success' => true,
  'released' => 0,
)  
[2026-08-10 06:18:01] local.INFO: release hold seats  
[2026-08-10 06:18:01] local.INFO: array (
  'success' => true,
  'released' => 0,
)  
[2026-08-10 06:19:01] local.INFO: release hold seats  
[2026-08-10 06:19:01] local.INFO: array (
  'success' => true,
  'released' => 0,
)  
[2026-08-10 06:20:01] local.INFO: release hold seats  
[2026-08-10 06:20:01] local.INFO: array (
  'success' => true,
  'released' => 0,
)  
[2026-08-10 06:21:01] local.INFO: release hold seats  
[2026-08-10 06:21:01] local.INFO: array (
  'success' => true,
  'released' => 0,
)  
[2026-08-10 06:22:02] local.INFO: release hold seats  
[2026-08-10 06:22:02] local.INFO: array (
  'success' => true,
  'released' => 0,
)  
[2026-08-10 06:23:01] local.INFO: release hold seats  
[2026-08-10 06:23:01] local.INFO: array (
  'success' => true,
  'released' => 0,
)  
[2026-08-10 06:24:01] local.INFO: release hold seats  
[2026-08-10 06:24:01] local.INFO: array (
  'success' => true,
  'released' => 0,
)  
[2026-08-10 06:25:01] local.INFO: release hold seats  
[2026-08-10 06:25:01] local.INFO: array (
  'success' => true,
  'released' => 0,
)  
[2026-08-10 06:26:01] local.INFO: release hold seats  
[2026-08-10 06:26:01] local.INFO: array (
  'success' => true,
  'released' => 0,
)  
[2026-08-10 06:27:01] local.INFO: release hold seats  
[2026-08-10 06:27:01] local.INFO: array (
  'success' => true,
  'released' => 0,
)  
[2026-08-10 06:28:01] local.INFO: release hold seats  
[2026-08-10 06:28:01] local.INFO: array (
  'success' => true,
  'released' => 0,
)  
[2026-08-10 06:29:02] local.INFO: release hold seats  
[2026-08-10 06:29:02] local.INFO: array (
  'success' => true,
  'released' => 0,
)  
[2026-08-10 06:30:01] local.INFO: release hold seats  
[2026-08-10 06:30:01] local.INFO: array (
  'success' => true,
  'released' => 0,
)  
[2026-08-10 06:31:01] local.INFO: release hold seats  
[2026-08-10 06:31:01] local.INFO: array (
  'success' => true,
  'released' => 0,
)  
[2026-08-10 06:32:01] local.INFO: release hold seats  
[2026-08-10 06:32:01] local.INFO: array (
  'success' => true,
  'released' => 0,
)  
[2026-08-10 06:33:01] local.INFO: release hold seats  
[2026-08-10 06:33:01] local.INFO: array (
  'success' => true,
  'released' => 0,
)  
[2026-08-10 06:34:01] local.INFO: release hold seats  
[2026-08-10 06:34:01] local.INFO: array (
  'success' => true,
  'released' => 0,
)  
[2026-08-10 06:35:01] local.INFO: release hold seats  
[2026-08-10 06:35:01] local.INFO: array (
  'success' => true,
  'released' => 0,
)  
[2026-08-10 06:36:01] local.INFO: release hold seats  
[2026-08-10 06:36:01] local.INFO: array (
  'success' => true,
  'released' => 0,
)  
[2026-08-10 06:37:01] local.INFO: release hold seats  
[2026-08-10 06:37:01] local.INFO: array (
  'success' => true,
  'released' => 0,
)  
[2026-08-10 06:38:01] local.INFO: release hold seats  
[2026-08-10 06:38:01] local.INFO: array (
  'success' => true,
  'released' => 0,
)  
[2026-08-10 06:39:01] local.INFO: release hold seats  
[2026-08-10 06:39:01] local.INFO: array (
  'success' => true,
  'released' => 0,
)  
[2026-08-10 06:40:01] local.INFO: release hold seats  
[2026-08-10 06:40:01] local.INFO: array (
  'success' => true,
  'released' => 0,
)  
[2026-08-10 06:41:01] local.INFO: release hold seats  
[2026-08-10 06:41:01] local.INFO: array (
  'success' => true,
  'released' => 0,
)  
[2026-08-10 06:42:01] local.INFO: release hold seats  
[2026-08-10 06:42:01] local.INFO: array (
  'success' => true,
  'released' => 0,
)  
[2026-08-10 06:43:01] local.INFO: release hold seats  
[2026-08-10 06:43:01] local.INFO: array (
  'success' => true,
  'released' => 0,
)  
[2026-08-10 06:44:01] local.INFO: release hold seats  
[2026-08-10 06:44:01] local.INFO: array (
  'success' => true,
  'released' => 0,
)  
[2026-08-10 06:45:01] local.INFO: release hold seats  
[2026-08-10 06:45:01] local.INFO: array (
  'success' => true,
  'released' => 0,
)  
[2026-08-10 06:46:01] local.INFO: release hold seats  
[2026-08-10 06:46:01] local.INFO: array (
  'success' => true,
  'released' => 0,
)  
[2026-08-10 06:47:01] local.INFO: release hold seats  
[2026-08-10 06:47:01] local.INFO: array (
  'success' => true,
  'released' => 0,
)  
[2026-08-10 06:48:01] local.INFO: release hold seats  
[2026-08-10 06:48:01] local.INFO: array (
  'success' => true,
  'released' => 0,
)  
[2026-08-10 06:49:01] local.INFO: release hold seats  
[2026-08-10 06:49:01] local.INFO: array (
  'success' => true,
  'released' => 0,
)  
[2026-08-10 06:50:01] local.INFO: release hold seats  
[2026-08-10 06:50:01] local.INFO: array (
  'success' => true,
  'released' => 0,
)  
[2026-08-10 06:51:01] local.INFO: release hold seats  
[2026-08-10 06:51:01] local.INFO: array (
  'success' => true,
  'released' => 0,
)  
[2026-08-10 06:52:01] local.INFO: release hold seats  
[2026-08-10 06:52:01] local.INFO: array (
  'success' => true,
  'released' => 0,
)  
[2026-08-10 06:53:01] local.INFO: release hold seats  
[2026-08-10 06:53:01] local.INFO: array (
  'success' => true,
  'released' => 0,
)  
[2026-08-10 06:54:01] local.INFO: release hold seats  
[2026-08-10 06:54:01] local.INFO: array (
  'success' => true,
  'released' => 0,
)  
[2026-08-10 06:55:01] local.INFO: release hold seats  
[2026-08-10 06:55:01] local.INFO: array (
  'success' => true,
  'released' => 0,
)  
[2026-08-10 06:56:02] local.INFO: release hold seats  
[2026-08-10 06:56:02] local.INFO: array (
  'success' => true,
  'released' => 0,
)  
[2026-08-10 06:57:01] local.INFO: release hold seats  
[2026-08-10 06:57:01] local.INFO: array (
  'success' => true,
  'released' => 0,
)  
[2026-08-10 06:58:01] local.INFO: release hold seats  
[2026-08-10 06:58:01] local.INFO: array (
  'success' => true,
  'released' => 0,
)  
[2026-08-10 06:59:02] local.INFO: release hold seats  
[2026-08-10 06:59:02] local.INFO: array (
  'success' => true,
  'released' => 0,
)  
[2026-08-10 07:00:01] local.INFO: release hold seats  
[2026-08-10 07:00:01] local.INFO: array (
  'success' => true,
  'released' => 0,
)  
[2026-08-10 07:01:01] local.INFO: release hold seats  
[2026-08-10 07:01:01] local.INFO: array (
  'success' => true,
  'released' => 0,
)  
[2026-08-10 07:02:02] local.INFO: release hold seats  
[2026-08-10 07:02:02] local.INFO: array (
  'success' => true,
  'released' => 0,
)  
[2026-08-10 07:03:01] local.INFO: release hold seats  
[2026-08-10 07:03:01] local.INFO: array (
  'success' => true,
  'released' => 0,
)  
[2026-08-10 07:04:02] local.INFO: release hold seats  
[2026-08-10 07:04:02] local.INFO: array (
  'success' => true,
  'released' => 0,
)  
[2026-08-10 07:05:01] local.INFO: release hold seats  
[2026-08-10 07:05:01] local.INFO: array (
  'success' => true,
  'released' => 0,
)  
[2026-08-10 07:06:01] local.INFO: release hold seats  
[2026-08-10 07:06:01] local.INFO: array (
  'success' => true,
  'released' => 0,
)  
[2026-08-10 07:07:01] local.INFO: release hold seats  
[2026-08-10 07:07:01] local.INFO: array (
  'success' => true,
  'released' => 0,
)  
[2026-08-10 07:08:01] local.INFO: release hold seats  
[2026-08-10 07:08:01] local.INFO: array (
  'success' => true,
  'released' => 0,
)  
[2026-08-10 07:09:01] local.INFO: release hold seats  
[2026-08-10 07:09:01] local.INFO: array (
  'success' => true,
  'released' => 0,
)  
[2026-08-10 07:10:01] local.INFO: release hold seats  
[2026-08-10 07:10:01] local.INFO: array (
  'success' => true,
  'released' => 0,
)  
[2026-08-10 07:11:01] local.INFO: release hold seats  
[2026-08-10 07:11:01] local.INFO: array (
  'success' => true,
  'released' => 0,
)  
[2026-08-10 07:12:01] local.INFO: release hold seats  
[2026-08-10 07:12:01] local.INFO: array (
  'success' => true,
  'released' => 0,
)  
[2026-08-10 07:13:01] local.INFO: release hold seats  
[2026-08-10 07:13:01] local.INFO: array (
  'success' => true,
  'released' => 0,
)  
[2026-08-10 07:14:02] local.INFO: release hold seats  
[2026-08-10 07:14:02] local.INFO: array (
  'success' => true,
  'released' => 0,
)  
[2026-08-10 07:15:01] local.INFO: release hold seats  
[2026-08-10 07:15:01] local.INFO: array (
  'success' => true,
  'released' => 0,
)  
[2026-08-10 07:16:01] local.INFO: release hold seats  
[2026-08-10 07:16:01] local.INFO: array (
  'success' => true,
  'released' => 0,
)  
[2026-08-10 07:17:01] local.INFO: release hold seats  
[2026-08-10 07:17:01] local.INFO: array (
  'success' => true,
  'released' => 0,
)  
[2026-08-10 07:18:01] local.INFO: release hold seats  
[2026-08-10 07:18:01] local.INFO: array (
  'success' => true,
  'released' => 0,
)  
[2026-08-10 07:19:01] local.INFO: release hold seats  
[2026-08-10 07:19:01] local.INFO: array (
  'success' => true,
  'released' => 0,
)  
[2026-08-10 07:20:01] local.INFO: release hold seats  
[2026-08-10 07:20:01] local.INFO: array (
  'success' => true,
  'released' => 0,
)  
[2026-08-10 07:21:01] local.INFO: release hold seats  
[2026-08-10 07:21:01] local.INFO: array (
  'success' => true,
  'released' => 0,
)  
[2026-08-10 07:22:01] local.INFO: release hold seats  
[2026-08-10 07:22:01] local.INFO: array (
  'success' => true,
  'released' => 0,
)  
[2026-08-10 07:23:01] local.INFO: release hold seats  
[2026-08-10 07:23:01] local.INFO: array (
  'success' => true,
  'released' => 0,
)  
[2026-08-10 07:24:01] local.INFO: release hold seats  
[2026-08-10 07:24:01] local.INFO: array (
  'success' => true,
  'released' => 0,
)  
[2026-08-10 07:25:01] local.INFO: release hold seats  
[2026-08-10 07:25:01] local.INFO: array (
  'success' => true,
  'released' => 0,
)  
[2026-08-10 07:26:01] local.INFO: release hold seats  
[2026-08-10 07:26:01] local.INFO: array (
  'success' => true,
  'released' => 0,
)  
[2026-08-10 07:27:01] local.INFO: release hold seats  
[2026-08-10 07:27:01] local.INFO: array (
  'success' => true,
  'released' => 0,
)  
[2026-08-10 07:28:01] local.INFO: release hold seats  
[2026-08-10 07:28:01] local.INFO: array (
  'success' => true,
  'released' => 0,
)  
[2026-08-10 07:29:01] local.INFO: release hold seats  
[2026-08-10 07:29:01] local.INFO: array (
  'success' => true,
  'released' => 0,
)  
[2026-08-10 07:30:01] local.INFO: release hold seats  
[2026-08-10 07:30:01] local.INFO: array (
  'success' => true,
  'released' => 0,
)  
[2026-08-10 07:31:01] local.INFO: release hold seats  
[2026-08-10 07:31:01] local.INFO: array (
  'success' => true,
  'released' => 0,
)  
[2026-08-10 07:32:01] local.INFO: release hold seats  
[2026-08-10 07:32:01] local.INFO: array (
  'success' => true,
  'released' => 0,
)  
[2026-08-10 07:33:01] local.INFO: release hold seats  
[2026-08-10 07:33:01] local.INFO: array (
  'success' => true,
  'released' => 0,
)  
[2026-08-10 07:34:01] local.INFO: release hold seats  
[2026-08-10 07:34:01] local.INFO: array (
  'success' => true,
  'released' => 0,
)  
[2026-08-10 07:35:01] local.INFO: release hold seats  
[2026-08-10 07:35:01] local.INFO: array (
  'success' => true,
  'released' => 0,
)  
[2026-08-10 07:36:01] local.INFO: release hold seats  
[2026-08-10 07:36:01] local.INFO: array (
  'success' => true,
  'released' => 0,
)  
[2026-08-10 07:37:01] local.INFO: release hold seats  
[2026-08-10 07:37:01] local.INFO: array (
  'success' => true,
  'released' => 0,
)  
[2026-08-10 07:38:01] local.INFO: release hold seats  
[2026-08-10 07:38:01] local.INFO: array (
  'success' => true,
  'released' => 0,
)  
[2026-08-10 07:39:01] local.INFO: release hold seats  
[2026-08-10 07:39:01] local.INFO: array (
  'success' => true,
  'released' => 0,
)  
[2026-08-10 07:40:01] local.INFO: release hold seats  
[2026-08-10 07:40:01] local.INFO: array (
  'success' => true,
  'released' => 0,
)  
[2026-08-10 07:41:01] local.INFO: release hold seats  
[2026-08-10 07:41:01] local.INFO: array (
  'success' => true,
  'released' => 0,
)  
[2026-08-10 07:42:01] local.INFO: release hold seats  
[2026-08-10 07:42:01] local.INFO: array (
  'success' => true,
  'released' => 0,
)  
[2026-08-10 07:43:02] local.INFO: release hold seats  
[2026-08-10 07:43:02] local.INFO: array (
  'success' => true,
  'released' => 0,
)  
[2026-08-10 07:44:01] local.INFO: release hold seats  
[2026-08-10 07:44:01] local.INFO: array (
  'success' => true,
  'released' => 0,
)  
[2026-08-10 07:45:01] local.INFO: release hold seats  
[2026-08-10 07:45:01] local.INFO: array (
  'success' => true,
  'released' => 0,
)  
[2026-08-10 07:46:01] local.INFO: release hold seats  
[2026-08-10 07:46:01] local.INFO: array (
  'success' => true,
  'released' => 0,
)  
[2026-08-10 07:47:01] local.INFO: release hold seats  
[2026-08-10 07:47:01] local.INFO: array (
  'success' => true,
  'released' => 0,
)  
[2026-08-10 07:48:01] local.INFO: release hold seats  
[2026-08-10 07:48:01] local.INFO: array (
  'success' => true,
  'released' => 0,
)  
[2026-08-10 07:49:01] local.INFO: release hold seats  
[2026-08-10 07:49:01] local.INFO: array (
  'success' => true,
  'released' => 0,
)  
[2026-08-10 07:50:02] local.INFO: release hold seats  
[2026-08-10 07:50:02] local.INFO: array (
  'success' => true,
  'released' => 0,
)  
[2026-08-10 07:51:01] local.INFO: release hold seats  
[2026-08-10 07:51:01] local.INFO: array (
  'success' => true,
  'released' => 0,
)  
[2026-08-10 07:52:01] local.INFO: release hold seats  
[2026-08-10 07:52:01] local.INFO: array (
  'success' => true,
  'released' => 0,
)  
[2026-08-10 07:53:02] local.INFO: release hold seats  
[2026-08-10 07:53:02] local.INFO: array (
  'success' => true,
  'released' => 0,
)  
[2026-08-10 07:54:01] local.INFO: release hold seats  
[2026-08-10 07:54:01] local.INFO: array (
  'success' => true,
  'released' => 0,
)  
[2026-08-10 07:55:01] local.INFO: release hold seats  
[2026-08-10 07:55:01] local.INFO: array (
  'success' => true,
  'released' => 0,
)  
[2026-08-10 07:56:01] local.INFO: release hold seats  
[2026-08-10 07:56:01] local.INFO: array (
  'success' => true,
  'released' => 0,
)  
[2026-08-10 07:57:01] local.INFO: release hold seats  
[2026-08-10 07:57:01] local.INFO: array (
  'success' => true,
  'released' => 0,
)  
[2026-08-10 07:58:01] local.INFO: release hold seats  
[2026-08-10 07:58:01] local.INFO: array (
  'success' => true,
  'released' => 0,
)  
[2026-08-10 07:59:01] local.INFO: release hold seats  
[2026-08-10 07:59:01] local.INFO: array (
  'success' => true,
  'released' => 0,
)  
[2026-08-10 08:00:01] local.INFO: release hold seats  
[2026-08-10 08:00:01] local.INFO: array (
  'success' => true,
  'released' => 0,
)  
[2026-08-10 08:01:01] local.INFO: release hold seats  
[2026-08-10 08:01:01] local.INFO: array (
  'success' => true,
  'released' => 0,
)  
[2026-08-10 08:02:01] local.INFO: release hold seats  
[2026-08-10 08:02:01] local.INFO: array (
  'success' => true,
  'released' => 0,
)  
[2026-08-10 08:03:02] local.INFO: release hold seats  
[2026-08-10 08:03:02] local.INFO: array (
  'success' => true,
  'released' => 0,
)  
[2026-08-10 08:04:01] local.INFO: release hold seats  
[2026-08-10 08:04:01] local.INFO: array (
  'success' => true,
  'released' => 0,
)  
[2026-08-10 08:05:01] local.INFO: release hold seats  
[2026-08-10 08:05:01] local.INFO: array (
  'success' => true,
  'released' => 0,
)  
[2026-08-10 08:06:01] local.INFO: release hold seats  
[2026-08-10 08:06:01] local.INFO: array (
  'success' => true,
  'released' => 0,
)  
[2026-08-10 08:07:01] local.INFO: release hold seats  
[2026-08-10 08:07:01] local.INFO: array (
  'success' => true,
  'released' => 0,
)  
[2026-08-10 08:08:01] local.INFO: release hold seats  
[2026-08-10 08:08:01] local.INFO: array (
  'success' => true,
  'released' => 0,
)  
[2026-08-10 08:09:01] local.INFO: release hold seats  
[2026-08-10 08:09:01] local.INFO: array (
  'success' => true,
  'released' => 0,
)  
[2026-08-10 08:10:01] local.INFO: release hold seats  
[2026-08-10 08:10:01] local.INFO: array (
  'success' => true,
  'released' => 0,
)  
[2026-08-10 08:11:01] local.INFO: release hold seats  
[2026-08-10 08:11:01] local.INFO: array (
  'success' => true,
  'released' => 0,
)  
[2026-08-10 08:12:01] local.INFO: release hold seats  
[2026-08-10 08:12:01] local.INFO: array (
  'success' => true,
  'released' => 0,
)  
[2026-08-10 08:13:01] local.INFO: release hold seats  
[2026-08-10 08:13:01] local.INFO: array (
  'success' => true,
  'released' => 0,
)  
[2026-08-10 08:14:01] local.INFO: release hold seats  
[2026-08-10 08:14:01] local.INFO: array (
  'success' => true,
  'released' => 0,
)  
[2026-08-10 08:15:01] local.INFO: release hold seats  
[2026-08-10 08:15:01] local.INFO: array (
  'success' => true,
  'released' => 0,
)  
[2026-08-10 08:16:01] local.INFO: release hold seats  
[2026-08-10 08:16:01] local.INFO: array (
  'success' => true,
  'released' => 0,
)  
[2026-08-10 08:17:01] local.INFO: release hold seats  
[2026-08-10 08:17:01] local.INFO: array (
  'success' => true,
  'released' => 0,
)  
[2026-08-10 08:18:01] local.INFO: release hold seats  
[2026-08-10 08:18:01] local.INFO: array (
  'success' => true,
  'released' => 0,
)  
[2026-08-10 08:19:01] local.INFO: release hold seats  
[2026-08-10 08:19:01] local.INFO: array (
  'success' => true,
  'released' => 0,
)  
[2026-08-10 08:20:01] local.INFO: release hold seats  
[2026-08-10 08:20:01] local.INFO: array (
  'success' => true,
  'released' => 0,
)  
[2026-08-10 08:21:01] local.INFO: release hold seats  
[2026-08-10 08:21:01] local.INFO: array (
  'success' => true,
  'released' => 0,
)  
[2026-08-10 08:22:01] local.INFO: release hold seats  
[2026-08-10 08:22:01] local.INFO: array (
  'success' => true,
  'released' => 0,
)  
[2026-08-10 08:23:01] local.INFO: release hold seats  
[2026-08-10 08:23:01] local.INFO: array (
  'success' => true,
  'released' => 0,
)  
[2026-08-10 08:24:01] local.INFO: release hold seats  
[2026-08-10 08:24:01] local.INFO: array (
  'success' => true,
  'released' => 0,
)  
[2026-08-10 08:25:02] local.INFO: release hold seats  
[2026-08-10 08:25:02] local.INFO: array (
  'success' => true,
  'released' => 0,
)  
[2026-08-10 08:26:01] local.INFO: release hold seats  
[2026-08-10 08:26:01] local.INFO: array (
  'success' => true,
  'released' => 0,
)  
[2026-08-10 08:27:01] local.INFO: release hold seats  
[2026-08-10 08:27:01] local.INFO: array (
  'success' => true,
  'released' => 0,
)  
[2026-08-10 08:28:01] local.INFO: release hold seats  
[2026-08-10 08:28:01] local.INFO: array (
  'success' => true,
  'released' => 0,
)  
[2026-08-10 08:29:01] local.INFO: release hold seats  
[2026-08-10 08:29:01] local.INFO: array (
  'success' => true,
  'released' => 0,
)  
[2026-08-10 08:30:01] local.INFO: release hold seats  
[2026-08-10 08:30:01] local.INFO: array (
  'success' => true,
  'released' => 0,
)  
[2026-08-10 08:31:01] local.INFO: release hold seats  
[2026-08-10 08:31:01] local.INFO: array (
  'success' => true,
  'released' => 0,
)  
[2026-08-10 08:32:01] local.INFO: release hold seats  
[2026-08-10 08:32:01] local.INFO: array (
  'success' => true,
  'released' => 0,
)  
[2026-08-10 08:33:01] local.INFO: release hold seats  
[2026-08-10 08:33:01] local.INFO: array (
  'success' => true,
  'released' => 0,
)  
[2026-08-10 08:34:01] local.INFO: release hold seats  
[2026-08-10 08:34:01] local.INFO: array (
  'success' => true,
  'released' => 0,
)  
[2026-08-10 08:35:01] local.INFO: release hold seats  
[2026-08-10 08:35:01] local.INFO: array (
  'success' => true,
  'released' => 0,
)  
[2026-08-10 08:36:01] local.INFO: release hold seats  
[2026-08-10 08:36:01] local.INFO: array (
  'success' => true,
  'released' => 0,
)  
[2026-08-10 08:37:01] local.INFO: release hold seats  
[2026-08-10 08:37:01] local.INFO: array (
  'success' => true,
  'released' => 0,
)  
[2026-08-10 08:38:02] local.INFO: release hold seats  
[2026-08-10 08:38:02] local.INFO: array (
  'success' => true,
  'released' => 0,
)  
[2026-08-10 08:39:01] local.INFO: release hold seats  
[2026-08-10 08:39:01] local.INFO: array (
  'success' => true,
  'released' => 0,
)  
[2026-08-10 08:40:01] local.INFO: release hold seats  
[2026-08-10 08:40:01] local.INFO: array (
  'success' => true,
  'released' => 0,
)  
[2026-08-10 08:41:01] local.INFO: release hold seats  
[2026-08-10 08:41:01] local.INFO: array (
  'success' => true,
  'released' => 0,
)  
[2026-08-10 08:42:01] local.INFO: release hold seats  
[2026-08-10 08:42:01] local.INFO: array (
  'success' => true,
  'released' => 0,
)  
[2026-08-10 08:43:01] local.INFO: release hold seats  
[2026-08-10 08:43:01] local.INFO: array (
  'success' => true,
  'released' => 0,
)  
[2026-08-10 08:44:01] local.INFO: release hold seats  
[2026-08-10 08:44:01] local.INFO: array (
  'success' => true,
  'released' => 0,
)  
[2026-08-10 08:45:01] local.INFO: release hold seats  
[2026-08-10 08:45:01] local.INFO: array (
  'success' => true,
  'released' => 0,
)  
[2026-08-10 08:46:01] local.INFO: release hold seats  
[2026-08-10 08:46:01] local.INFO: array (
  'success' => true,
  'released' => 0,
)  
[2026-08-10 08:47:01] local.INFO: release hold seats  
[2026-08-10 08:47:01] local.INFO: array (
  'success' => true,
  'released' => 0,
)  
[2026-08-10 08:48:01] local.INFO: release hold seats  
[2026-08-10 08:48:01] local.INFO: array (
  'success' => true,
  'released' => 0,
)  
[2026-08-10 08:49:01] local.INFO: release hold seats  
[2026-08-10 08:49:01] local.INFO: array (
  'success' => true,
  'released' => 0,
)  
[2026-08-10 08:50:01] local.INFO: release hold seats  
[2026-08-10 08:50:01] local.INFO: array (
  'success' => true,
  'released' => 0,
)  
[2026-08-10 08:51:01] local.INFO: release hold seats  
[2026-08-10 08:51:01] local.INFO: array (
  'success' => true,
  'released' => 0,
)  
[2026-08-10 08:52:01] local.INFO: release hold seats  
[2026-08-10 08:52:01] local.INFO: array (
  'success' => true,
  'released' => 0,
)  
[2026-08-10 08:53:01] local.INFO: release hold seats  
[2026-08-10 08:53:01] local.INFO: array (
  'success' => true,
  'released' => 0,
)  
[2026-08-10 08:54:01] local.INFO: release hold seats  
[2026-08-10 08:54:01] local.INFO: array (
  'success' => true,
  'released' => 0,
)  
[2026-08-10 08:55:01] local.INFO: release hold seats  
[2026-08-10 08:55:01] local.INFO: array (
  'success' => true,
  'released' => 0,
)  
[2026-08-10 08:56:01] local.INFO: release hold seats  
[2026-08-10 08:56:01] local.INFO: array (
  'success' => true,
  'released' => 0,
)  
[2026-08-10 08:57:01] local.INFO: release hold seats  
[2026-08-10 08:57:01] local.INFO: array (
  'success' => true,
  'released' => 0,
)  
[2026-08-10 08:58:01] local.INFO: release hold seats  
[2026-08-10 08:58:01] local.INFO: array (
  'success' => true,
  'released' => 0,
)  
[2026-08-10 08:59:02] local.INFO: release hold seats  
[2026-08-10 08:59:02] local.INFO: array (
  'success' => true,
  'released' => 0,
)  
[2026-08-10 09:00:01] local.INFO: release hold seats  
[2026-08-10 09:00:01] local.INFO: array (
  'success' => true,
  'released' => 0,
)  
[2026-08-10 09:01:01] local.INFO: release hold seats  
[2026-08-10 09:01:01] local.INFO: array (
  'success' => true,
  'released' => 0,
)  
[2026-08-10 09:02:01] local.INFO: release hold seats  
[2026-08-10 09:02:01] local.INFO: array (
  'success' => true,
  'released' => 0,
)  
[2026-08-10 09:03:01] local.INFO: release hold seats  
[2026-08-10 09:03:01] local.INFO: array (
  'success' => true,
  'released' => 0,
)  
[2026-08-10 09:04:01] local.INFO: release hold seats  
[2026-08-10 09:04:01] local.INFO: array (
  'success' => true,
  'released' => 0,
)  
[2026-08-10 09:05:01] local.INFO: release hold seats  
[2026-08-10 09:05:01] local.INFO: array (
  'success' => true,
  'released' => 0,
)  
[2026-08-10 09:06:01] local.INFO: release hold seats  
[2026-08-10 09:06:01] local.INFO: array (
  'success' => true,
  'released' => 0,
)  
[2026-08-10 09:07:01] local.INFO: release hold seats  
[2026-08-10 09:07:01] local.INFO: array (
  'success' => true,
  'released' => 0,
)  
[2026-08-10 09:08:01] local.INFO: release hold seats  
[2026-08-10 09:08:01] local.INFO: array (
  'success' => true,
  'released' => 0,
)  
[2026-08-10 09:09:01] local.INFO: release hold seats  
[2026-08-10 09:09:01] local.INFO: array (
  'success' => true,
  'released' => 0,
)  
[2026-08-10 09:10:01] local.INFO: release hold seats  
[2026-08-10 09:10:01] local.INFO: array (
  'success' => true,
  'released' => 0,
)  
[2026-08-10 09:11:01] local.INFO: release hold seats  
[2026-08-10 09:11:01] local.INFO: array (
  'success' => true,
  'released' => 0,
)  
[2026-08-10 09:12:01] local.INFO: release hold seats  
[2026-08-10 09:12:01] local.INFO: array (
  'success' => true,
  'released' => 0,
)  
[2026-08-10 09:13:01] local.INFO: release hold seats  
[2026-08-10 09:13:01] local.INFO: array (
  'success' => true,
  'released' => 0,
)  
[2026-08-10 09:14:01] local.INFO: release hold seats  
[2026-08-10 09:14:01] local.INFO: array (
  'success' => true,
  'released' => 0,
)  
[2026-08-10 09:15:01] local.INFO: release hold seats  
[2026-08-10 09:15:01] local.INFO: array (
  'success' => true,
  'released' => 0,
)  
[2026-08-10 09:16:01] local.INFO: release hold seats  
[2026-08-10 09:16:01] local.INFO: array (
  'success' => true,
  'released' => 0,
)  
[2026-08-10 09:17:01] local.INFO: release hold seats  
[2026-08-10 09:17:01] local.INFO: array (
  'success' => true,
  'released' => 0,
)  
[2026-08-10 09:18:02] local.INFO: release hold seats  
[2026-08-10 09:18:02] local.INFO: array (
  'success' => true,
  'released' => 0,
)  
[2026-08-10 09:19:01] local.INFO: release hold seats  
[2026-08-10 09:19:01] local.INFO: array (
  'success' => true,
  'released' => 0,
)  
[2026-08-10 09:20:01] local.INFO: release hold seats  
[2026-08-10 09:20:01] local.INFO: array (
  'success' => true,
  'released' => 0,
)  
[2026-08-10 09:21:01] local.INFO: release hold seats  
[2026-08-10 09:21:01] local.INFO: array (
  'success' => true,
  'released' => 0,
)  
[2026-08-10 09:22:01] local.INFO: release hold seats  
[2026-08-10 09:22:01] local.INFO: array (
  'success' => true,
  'released' => 0,
)  
[2026-08-10 09:23:01] local.INFO: release hold seats  
[2026-08-10 09:23:01] local.INFO: array (
  'success' => true,
  'released' => 0,
)  
[2026-08-10 09:24:01] local.INFO: release hold seats  
[2026-08-10 09:24:01] local.INFO: array (
  'success' => true,
  'released' => 0,
)  
[2026-08-10 09:25:01] local.INFO: release hold seats  
[2026-08-10 09:25:01] local.INFO: array (
  'success' => true,
  'released' => 0,
)  
[2026-08-10 09:26:01] local.INFO: release hold seats  
[2026-08-10 09:26:01] local.INFO: array (
  'success' => true,
  'released' => 0,
)  
[2026-08-10 09:27:01] local.INFO: release hold seats  
[2026-08-10 09:27:01] local.INFO: array (
  'success' => true,
  'released' => 0,
)  
[2026-08-10 09:28:01] local.INFO: release hold seats  
[2026-08-10 09:28:01] local.INFO: array (
  'success' => true,
  'released' => 0,
)  
[2026-08-10 09:29:01] local.INFO: release hold seats  
[2026-08-10 09:29:01] local.INFO: array (
  'success' => true,
  'released' => 0,
)  
[2026-08-10 09:30:01] local.INFO: release hold seats  
[2026-08-10 09:30:01] local.INFO: array (
  'success' => true,
  'released' => 0,
)  
[2026-08-10 09:31:01] local.INFO: release hold seats  
[2026-08-10 09:31:01] local.INFO: array (
  'success' => true,
  'released' => 0,
)  
[2026-08-10 09:32:01] local.INFO: release hold seats  
[2026-08-10 09:32:01] local.INFO: array (
  'success' => true,
  'released' => 0,
)  
[2026-08-10 09:33:01] local.INFO: release hold seats  
[2026-08-10 09:33:01] local.INFO: array (
  'success' => true,
  'released' => 0,
)  
[2026-08-10 09:34:01] local.INFO: release hold seats  
[2026-08-10 09:34:01] local.INFO: array (
  'success' => true,
  'released' => 0,
)  
[2026-08-10 09:35:01] local.INFO: release hold seats  
[2026-08-10 09:35:01] local.INFO: array (
  'success' => true,
  'released' => 0,
)  
[2026-08-10 09:36:01] local.INFO: release hold seats  
[2026-08-10 09:36:01] local.INFO: array (
  'success' => true,
  'released' => 0,
)  
[2026-08-10 09:37:01] local.INFO: release hold seats  
[2026-08-10 09:37:01] local.INFO: array (
  'success' => true,
  'released' => 0,
)  
[2026-08-10 09:38:01] local.INFO: release hold seats  
[2026-08-10 09:38:01] local.INFO: array (
  'success' => true,
  'released' => 0,
)  
[2026-08-10 09:39:01] local.INFO: release hold seats  
[2026-08-10 09:39:01] local.INFO: array (
  'success' => true,
  'released' => 0,
)  
[2026-08-10 09:40:01] local.INFO: release hold seats  
[2026-08-10 09:40:01] local.INFO: array (
  'success' => true,
  'released' => 0,
)  
[2026-08-10 09:41:01] local.INFO: release hold seats  
[2026-08-10 09:41:01] local.INFO: array (
  'success' => true,
  'released' => 0,
)  
[2026-08-10 09:42:01] local.INFO: release hold seats  
[2026-08-10 09:42:01] local.INFO: array (
  'success' => true,
  'released' => 0,
)  
[2026-08-10 09:43:01] local.INFO: release hold seats  
[2026-08-10 09:43:01] local.INFO: array (
  'success' => true,
  'released' => 0,
)  
[2026-08-10 09:44:01] local.INFO: release hold seats  
[2026-08-10 09:44:01] local.INFO: array (
  'success' => true,
  'released' => 0,
)  
[2026-08-10 09:45:01] local.INFO: release hold seats  
[2026-08-10 09:45:01] local.INFO: array (
  'success' => true,
  'released' => 0,
)  
[2026-08-10 09:46:02] local.INFO: release hold seats  
[2026-08-10 09:46:02] local.INFO: array (
  'success' => true,
  'released' => 0,
)  
[2026-08-10 09:47:01] local.INFO: release hold seats  
[2026-08-10 09:47:01] local.INFO: array (
  'success' => true,
  'released' => 0,
)  
[2026-08-10 09:48:01] local.INFO: release hold seats  
[2026-08-10 09:48:01] local.INFO: array (
  'success' => true,
  'released' => 0,
)  
[2026-08-10 09:49:01] local.INFO: release hold seats  
[2026-08-10 09:49:01] local.INFO: array (
  'success' => true,
  'released' => 0,
)  
[2026-08-10 09:50:01] local.INFO: release hold seats  
[2026-08-10 09:50:01] local.INFO: array (
  'success' => true,
  'released' => 0,
)  
[2026-08-10 09:51:01] local.INFO: release hold seats  
[2026-08-10 09:51:01] local.INFO: array (
  'success' => true,
  'released' => 0,
)  
[2026-08-10 09:52:01] local.INFO: release hold seats  
[2026-08-10 09:52:01] local.INFO: array (
  'success' => true,
  'released' => 0,
)  
[2026-08-10 09:53:02] local.INFO: release hold seats  
[2026-08-10 09:53:02] local.INFO: array (
  'success' => true,
  'released' => 0,
)  
[2026-08-10 09:54:01] local.INFO: release hold seats  
[2026-08-10 09:54:01] local.INFO: array (
  'success' => true,
  'released' => 0,
)  
[2026-08-10 09:55:02] local.INFO: release hold seats  
[2026-08-10 09:55:02] local.INFO: array (
  'success' => true,
  'released' => 0,
)  
[2026-08-10 09:56:01] local.INFO: release hold seats  
[2026-08-10 09:56:01] local.INFO: array (
  'success' => true,
  'released' => 0,
)  
[2026-08-10 09:57:01] local.INFO: release hold seats  
[2026-08-10 09:57:01] local.INFO: array (
  'success' => true,
  'released' => 0,
)  
[2026-08-10 09:58:01] local.INFO: release hold seats  
[2026-08-10 09:58:01] local.INFO: array (
  'success' => true,
  'released' => 0,
)  
[2026-08-10 09:59:01] local.INFO: release hold seats  
[2026-08-10 09:59:01] local.INFO: array (
  'success' => true,
  'released' => 0,
)  
[2026-08-10 10:00:01] local.INFO: release hold seats  
[2026-08-10 10:00:01] local.INFO: array (
  'success' => true,
  'released' => 0,
)  
[2026-08-10 10:01:02] local.INFO: release hold seats  
[2026-08-10 10:01:02] local.INFO: array (
  'success' => true,
  'released' => 0,
)  
[2026-08-10 10:02:01] local.INFO: release hold seats  
[2026-08-10 10:02:01] local.INFO: array (
  'success' => true,
  'released' => 0,
)  
[2026-08-10 10:03:01] local.INFO: release hold seats  
[2026-08-10 10:03:01] local.INFO: array (
  'success' => true,
  'released' => 0,
)  
[2026-08-10 10:04:01] local.INFO: release hold seats  
[2026-08-10 10:04:01] local.INFO: array (
  'success' => true,
  'released' => 0,
)  
[2026-08-10 10:05:01] local.INFO: release hold seats  
[2026-08-10 10:05:01] local.INFO: array (
  'success' => true,
  'released' => 0,
)  
[2026-08-10 10:06:01] local.INFO: release hold seats  
[2026-08-10 10:06:01] local.INFO: array (
  'success' => true,
  'released' => 0,
)  
[2026-08-10 10:07:01] local.INFO: release hold seats  
[2026-08-10 10:07:01] local.INFO: array (
  'success' => true,
  'released' => 0,
)  
[2026-08-10 10:08:01] local.INFO: release hold seats  
[2026-08-10 10:08:01] local.INFO: array (
  'success' => true,
  'released' => 0,
)  
[2026-08-10 10:09:01] local.INFO: release hold seats  
[2026-08-10 10:09:01] local.INFO: array (
  'success' => true,
  'released' => 0,
)  
[2026-08-10 10:10:01] local.INFO: release hold seats  
[2026-08-10 10:10:01] local.INFO: array (
  'success' => true,
  'released' => 0,
)  
[2026-08-10 10:11:01] local.INFO: release hold seats  
[2026-08-10 10:11:01] local.INFO: array (
  'success' => true,
  'released' => 0,
)  
[2026-08-10 10:12:01] local.INFO: release hold seats  
[2026-08-10 10:12:01] local.INFO: array (
  'success' => true,
  'released' => 0,
)  
[2026-08-10 10:13:01] local.INFO: release hold seats  
[2026-08-10 10:13:01] local.INFO: array (
  'success' => true,
  'released' => 0,
)  
[2026-08-10 10:14:01] local.INFO: release hold seats  
[2026-08-10 10:14:01] local.INFO: array (
  'success' => true,
  'released' => 0,
)  
[2026-08-10 10:15:01] local.INFO: release hold seats  
[2026-08-10 10:15:01] local.INFO: array (
  'success' => true,
  'released' => 0,
)  
[2026-08-10 10:16:01] local.INFO: release hold seats  
[2026-08-10 10:16:01] local.INFO: array (
  'success' => true,
  'released' => 0,
)  
[2026-08-10 10:17:01] local.INFO: release hold seats  
[2026-08-10 10:17:01] local.INFO: array (
  'success' => true,
  'released' => 0,
)  
[2026-08-10 10:18:01] local.INFO: release hold seats  
[2026-08-10 10:18:01] local.INFO: array (
  'success' => true,
  'released' => 0,
)  
[2026-08-10 10:19:01] local.INFO: release hold seats  
[2026-08-10 10:19:01] local.INFO: array (
  'success' => true,
  'released' => 0,
)  
[2026-08-10 10:20:01] local.INFO: release hold seats  
[2026-08-10 10:20:01] local.INFO: array (
  'success' => true,
  'released' => 0,
)  
[2026-08-10 10:21:01] local.INFO: release hold seats  
[2026-08-10 10:21:01] local.INFO: array (
  'success' => true,
  'released' => 0,
)  
[2026-08-10 10:22:02] local.INFO: release hold seats  
[2026-08-10 10:22:02] local.INFO: array (
  'success' => true,
  'released' => 0,
)  
[2026-08-10 10:23:01] local.INFO: release hold seats  
[2026-08-10 10:23:01] local.INFO: array (
  'success' => true,
  'released' => 0,
)  
[2026-08-10 10:24:01] local.INFO: release hold seats  
[2026-08-10 10:24:01] local.INFO: array (
  'success' => true,
  'released' => 0,
)  
[2026-08-10 10:25:02] local.INFO: release hold seats  
[2026-08-10 10:25:02] local.INFO: array (
  'success' => true,
  'released' => 0,
)  
[2026-08-10 10:26:01] local.INFO: release hold seats  
[2026-08-10 10:26:01] local.INFO: array (
  'success' => true,
  'released' => 0,
)  
[2026-08-10 10:27:01] local.INFO: release hold seats  
[2026-08-10 10:27:01] local.INFO: array (
  'success' => true,
  'released' => 0,
)  
[2026-08-10 10:28:01] local.INFO: release hold seats  
[2026-08-10 10:28:01] local.INFO: array (
  'success' => true,
  'released' => 0,
)  
[2026-08-10 10:29:01] local.INFO: release hold seats  
[2026-08-10 10:29:01] local.INFO: array (
  'success' => true,
  'released' => 0,
)  
[2026-08-10 10:30:01] local.INFO: release hold seats  
[2026-08-10 10:30:01] local.INFO: array (
  'success' => true,
  'released' => 0,
)  
[2026-08-10 10:31:01] local.INFO: release hold seats  
[2026-08-10 10:31:01] local.INFO: array (
  'success' => true,
  'released' => 0,
)  
[2026-08-10 10:32:01] local.INFO: release hold seats  
[2026-08-10 10:32:01] local.INFO: array (
  'success' => true,
  'released' => 0,
)  
[2026-08-10 10:33:01] local.INFO: release hold seats  
[2026-08-10 10:33:01] local.INFO: array (
  'success' => true,
  'released' => 0,
)  
[2026-08-10 10:34:01] local.INFO: release hold seats  
[2026-08-10 10:34:01] local.INFO: array (
  'success' => true,
  'released' => 0,
)  
[2026-08-10 10:35:01] local.INFO: release hold seats  
[2026-08-10 10:35:01] local.INFO: array (
  'success' => true,
  'released' => 0,
)  
[2026-08-10 10:36:01] local.INFO: release hold seats  
[2026-08-10 10:36:01] local.INFO: array (
  'success' => true,
  'released' => 0,
)  
[2026-08-10 10:37:01] local.INFO: release hold seats  
[2026-08-10 10:37:01] local.INFO: array (
  'success' => true,
  'released' => 0,
)  
[2026-08-10 10:38:01] local.INFO: release hold seats  
[2026-08-10 10:38:01] local.INFO: array (
  'success' => true,
  'released' => 0,
)  
[2026-08-10 10:39:01] local.INFO: release hold seats  
[2026-08-10 10:39:01] local.INFO: array (
  'success' => true,
  'released' => 0,
)  
[2026-08-10 10:40:01] local.INFO: release hold seats  
[2026-08-10 10:40:01] local.INFO: array (
  'success' => true,
  'released' => 0,
)  
[2026-08-10 10:41:01] local.INFO: release hold seats  
[2026-08-10 10:41:01] local.INFO: array (
  'success' => true,
  'released' => 0,
)  
[2026-08-10 10:42:02] local.INFO: release hold seats  
[2026-08-10 10:42:02] local.INFO: array (
  'success' => true,
  'released' => 0,
)  
[2026-08-10 10:43:01] local.INFO: release hold seats  
[2026-08-10 10:43:01] local.INFO: array (
  'success' => true,
  'released' => 0,
)  
[2026-08-10 10:44:01] local.INFO: release hold seats  
[2026-08-10 10:44:01] local.INFO: array (
  'success' => true,
  'released' => 0,
)  
[2026-08-10 10:45:01] local.INFO: release hold seats  
[2026-08-10 10:45:01] local.INFO: array (
  'success' => true,
  'released' => 0,
)  
[2026-08-10 10:46:01] local.INFO: release hold seats  
[2026-08-10 10:46:01] local.INFO: array (
  'success' => true,
  'released' => 0,
)  
[2026-08-10 10:47:01] local.INFO: release hold seats  
[2026-08-10 10:47:01] local.INFO: array (
  'success' => true,
  'released' => 0,
)  
[2026-08-10 10:48:01] local.INFO: release hold seats  
[2026-08-10 10:48:01] local.INFO: array (
  'success' => true,
  'released' => 0,
)  
[2026-08-10 10:49:01] local.INFO: release hold seats  
[2026-08-10 10:49:01] local.INFO: array (
  'success' => true,
  'released' => 0,
)  
[2026-08-10 10:50:01] local.INFO: release hold seats  
[2026-08-10 10:50:01] local.INFO: array (
  'success' => true,
  'released' => 0,
)  
[2026-08-10 10:51:01] local.INFO: release hold seats  
[2026-08-10 10:51:01] local.INFO: array (
  'success' => true,
  'released' => 0,
)  
[2026-08-10 10:52:01] local.INFO: release hold seats  
[2026-08-10 10:52:01] local.INFO: array (
  'success' => true,
  'released' => 0,
)  
[2026-08-10 10:53:01] local.INFO: release hold seats  
[2026-08-10 10:53:01] local.INFO: array (
  'success' => true,
  'released' => 0,
)  
[2026-08-10 10:54:01] local.INFO: release hold seats  
[2026-08-10 10:54:01] local.INFO: array (
  'success' => true,
  'released' => 0,
)  
[2026-08-10 10:55:01] local.INFO: release hold seats  
[2026-08-10 10:55:01] local.INFO: array (
  'success' => true,
  'released' => 0,
)  
[2026-08-10 10:56:01] local.INFO: release hold seats  
[2026-08-10 10:56:01] local.INFO: array (
  'success' => true,
  'released' => 0,
)  
[2026-08-10 10:57:01] local.INFO: release hold seats  
[2026-08-10 10:57:01] local.INFO: array (
  'success' => true,
  'released' => 0,
)  
[2026-08-10 10:58:01] local.INFO: release hold seats  
[2026-08-10 10:58:01] local.INFO: array (
  'success' => true,
  'released' => 0,
)  
[2026-08-10 10:59:01] local.INFO: release hold seats  
[2026-08-10 10:59:01] local.INFO: array (
  'success' => true,
  'released' => 0,
)  
[2026-08-10 11:00:01] local.INFO: release hold seats  
[2026-08-10 11:00:01] local.INFO: array (
  'success' => true,
  'released' => 0,
)  
[2026-08-10 11:01:01] local.INFO: release hold seats  
[2026-08-10 11:01:01] local.INFO: array (
  'success' => true,
  'released' => 0,
)  
[2026-08-10 11:02:01] local.INFO: release hold seats  
[2026-08-10 11:02:01] local.INFO: array (
  'success' => true,
  'released' => 0,
)  
[2026-08-10 11:03:01] local.INFO: release hold seats  
[2026-08-10 11:03:01] local.INFO: array (
  'success' => true,
  'released' => 0,
)  
[2026-08-10 11:04:01] local.INFO: release hold seats  
[2026-08-10 11:04:01] local.INFO: array (
  'success' => true,
  'released' => 0,
)  
[2026-08-10 11:05:01] local.INFO: release hold seats  
[2026-08-10 11:05:01] local.INFO: array (
  'success' => true,
  'released' => 0,
)  
[2026-08-10 11:06:01] local.INFO: release hold seats  
[2026-08-10 11:06:01] local.INFO: array (
  'success' => true,
  'released' => 0,
)  
[2026-08-10 11:07:01] local.INFO: release hold seats  
[2026-08-10 11:07:01] local.INFO: array (
  'success' => true,
  'released' => 0,
)  
[2026-08-10 11:08:01] local.INFO: release hold seats  
[2026-08-10 11:08:01] local.INFO: array (
  'success' => true,
  'released' => 0,
)  
[2026-08-10 11:09:01] local.INFO: release hold seats  
[2026-08-10 11:09:01] local.INFO: array (
  'success' => true,
  'released' => 0,
)  
[2026-08-10 11:10:01] local.INFO: release hold seats  
[2026-08-10 11:10:01] local.INFO: array (
  'success' => true,
  'released' => 0,
)  
[2026-08-10 11:11:01] local.INFO: release hold seats  
[2026-08-10 11:11:01] local.INFO: array (
  'success' => true,
  'released' => 0,
)  
[2026-08-10 11:12:01] local.INFO: release hold seats  
[2026-08-10 11:12:01] local.INFO: array (
  'success' => true,
  'released' => 0,
)  
[2026-08-10 11:13:02] local.INFO: release hold seats  
[2026-08-10 11:13:02] local.INFO: array (
  'success' => true,
  'released' => 0,
)  
[2026-08-10 11:14:01] local.INFO: release hold seats  
[2026-08-10 11:14:01] local.INFO: array (
  'success' => true,
  'released' => 0,
)  
[2026-08-10 11:15:01] local.INFO: release hold seats  
[2026-08-10 11:15:01] local.INFO: array (
  'success' => true,
  'released' => 0,
)  
[2026-08-10 11:16:01] local.INFO: release hold seats  
[2026-08-10 11:16:01] local.INFO: array (
  'success' => true,
  'released' => 0,
)  
[2026-08-10 11:17:01] local.INFO: release hold seats  
[2026-08-10 11:17:01] local.INFO: array (
  'success' => true,
  'released' => 0,
)  
[2026-08-10 11:18:01] local.INFO: release hold seats  
[2026-08-10 11:18:01] local.INFO: array (
  'success' => true,
  'released' => 0,
)  
[2026-08-10 11:19:01] local.INFO: release hold seats  
[2026-08-10 11:19:01] local.INFO: array (
  'success' => true,
  'released' => 0,
)  
[2026-08-10 11:20:01] local.INFO: release hold seats  
[2026-08-10 11:20:01] local.INFO: array (
  'success' => true,
  'released' => 0,
)  
[2026-08-10 11:21:01] local.INFO: release hold seats  
[2026-08-10 11:21:01] local.INFO: array (
  'success' => true,
  'released' => 0,
)  
[2026-08-10 11:21:54] local.INFO: PDF Generated Successfully  
[2026-08-10 11:22:01] local.INFO: release hold seats  
[2026-08-10 11:22:01] local.INFO: array (
  'success' => true,
  'released' => 0,
)  
[2026-08-10 11:22:26] local.INFO: Unable to open file for reading [https://odclient.adglob.in/ticketpdf/ODW619253H5.pdf]  
[2026-08-10 11:22:26] local.ERROR: Invalid Argument Passed {"exception":"[object] (InvalidArgumentException(code: 0): Invalid Argument Passed at /home/adglob-odclient/htdocs/odclient.adglob.in/app/Services/ChannelService.php:739)
[stacktrace]
#0 /home/adglob-odclient/htdocs/odclient.adglob.in/app/Http/Controllers/ChannelController.php(589): App\\Services\\ChannelService->pay()
#1 /home/adglob-odclient/htdocs/odclient.adglob.in/vendor/laravel/framework/src/Illuminate/Routing/Controller.php(54): App\\Http\\Controllers\\ChannelController->Webhook()
#2 /home/adglob-odclient/htdocs/odclient.adglob.in/vendor/laravel/framework/src/Illuminate/Routing/ControllerDispatcher.php(45): Illuminate\\Routing\\Controller->callAction()
#3 /home/adglob-odclient/htdocs/odclient.adglob.in/vendor/laravel/framework/src/Illuminate/Routing/Route.php(262): Illuminate\\Routing\\ControllerDispatcher->dispatch()
#4 /home/adglob-odclient/htdocs/odclient.adglob.in/vendor/laravel/framework/src/Illuminate/Routing/Route.php(205): Illuminate\\Routing\\Route->runController()
#5 /home/adglob-odclient/htdocs/odclient.adglob.in/vendor/laravel/framework/src/Illuminate/Routing/Router.php(721): Illuminate\\Routing\\Route->run()
#6 /home/adglob-odclient/htdocs/odclient.adglob.in/vendor/laravel/framework/src/Illuminate/Pipeline/Pipeline.php(128): Illuminate\\Routing\\Router->Illuminate\\Routing\\{closure}()
#7 /home/adglob-odclient/htdocs/odclient.adglob.in/vendor/laravel/framework/src/Illuminate/Pipeline/Pipeline.php(103): Illuminate\\Pipeline\\Pipeline->Illuminate\\Pipeline\\{closure}()
#8 /home/adglob-odclient/htdocs/odclient.adglob.in/vendor/laravel/framework/src/Illuminate/Routing/Router.php(723): Illuminate\\Pipeline\\Pipeline->then()
#9 /home/adglob-odclient/htdocs/odclient.adglob.in/vendor/laravel/framework/src/Illuminate/Routing/Router.php(698): Illuminate\\Routing\\Router->runRouteWithinStack()
#10 /home/adglob-odclient/htdocs/odclient.adglob.in/vendor/laravel/framework/src/Illuminate/Routing/Router.php(662): Illuminate\\Routing\\Router->runRoute()
#11 /home/adglob-odclient/htdocs/odclient.adglob.in/vendor/laravel/framework/src/Illuminate/Routing/Router.php(651): Illuminate\\Routing\\Router->dispatchToRoute()
#12 /home/adglob-odclient/htdocs/odclient.adglob.in/vendor/laravel/framework/src/Illuminate/Foundation/Http/Kernel.php(167): Illuminate\\Routing\\Router->dispatch()
#13 /home/adglob-odclient/htdocs/odclient.adglob.in/vendor/laravel/framework/src/Illuminate/Pipeline/Pipeline.php(128): Illuminate\\Foundation\\Http\\Kernel->Illuminate\\Foundation\\Http\\{closure}()
#14 /home/adglob-odclient/htdocs/odclient.adglob.in/vendor/laravel/framework/src/Illuminate/View/Middleware/ShareErrorsFromSession.php(49): Illuminate\\Pipeline\\Pipeline->Illuminate\\Pipeline\\{closure}()
#15 /home/adglob-odclient/htdocs/odclient.adglob.in/vendor/laravel/framework/src/Illuminate/Pipeline/Pipeline.php(167): Illuminate\\View\\Middleware\\ShareErrorsFromSession->handle()
#16 /home/adglob-odclient/htdocs/odclient.adglob.in/vendor/laravel/framework/src/Illuminate/Session/Middleware/StartSession.php(121): Illuminate\\Pipeline\\Pipeline->Illuminate\\Pipeline\\{closure}()
#17 /home/adglob-odclient/htdocs/odclient.adglob.in/vendor/laravel/framework/src/Illuminate/Session/Middleware/StartSession.php(64): Illuminate\\Session\\Middleware\\StartSession->handleStatefulRequest()
#18 /home/adglob-odclient/htdocs/odclient.adglob.in/vendor/laravel/framework/src/Illuminate/Pipeline/Pipeline.php(167): Illuminate\\Session\\Middleware\\StartSession->handle()
#19 /home/adglob-odclient/htdocs/odclient.adglob.in/vendor/laravel/framework/src/Illuminate/Foundation/Http/Middleware/TransformsRequest.php(21): Illuminate\\Pipeline\\Pipeline->Illuminate\\Pipeline\\{closure}()
#20 /home/adglob-odclient/htdocs/odclient.adglob.in/vendor/laravel/framework/src/Illuminate/Foundation/Http/Middleware/ConvertEmptyStringsToNull.php(31): Illuminate\\Foundation\\Http\\Middleware\\TransformsRequest->handle()
#21 /home/adglob-odclient/htdocs/odclient.adglob.in/vendor/laravel/framework/src/Illuminate/Pipeline/Pipeline.php(167): Illuminate\\Foundation\\Http\\Middleware\\ConvertEmptyStringsToNull->handle()
#22 /home/adglob-odclient/htdocs/odclient.adglob.in/vendor/laravel/framework/src/Illuminate/Foundation/Http/Middleware/TransformsRequest.php(21): Illuminate\\Pipeline\\Pipeline->Illuminate\\Pipeline\\{closure}()
#23 /home/adglob-odclient/htdocs/odclient.adglob.in/vendor/laravel/framework/src/Illuminate/Foundation/Http/Middleware/TrimStrings.php(40): Illuminate\\Foundation\\Http\\Middleware\\TransformsRequest->handle()
#24 /home/adglob-odclient/htdocs/odclient.adglob.in/vendor/laravel/framework/src/Illuminate/Pipeline/Pipeline.php(167): Illuminate\\Foundation\\Http\\Middleware\\TrimStrings->handle()
#25 /home/adglob-odclient/htdocs/odclient.adglob.in/vendor/laravel/framework/src/Illuminate/Foundation/Http/Middleware/ValidatePostSize.php(27): Illuminate\\Pipeline\\Pipeline->Illuminate\\Pipeline\\{closure}()
#26 /home/adglob-odclient/htdocs/odclient.adglob.in/vendor/laravel/framework/src/Illuminate/Pipeline/Pipeline.php(167): Illuminate\\Foundation\\Http\\Middleware\\ValidatePostSize->handle()
#27 /home/adglob-odclient/htdocs/odclient.adglob.in/vendor/laravel/framework/src/Illuminate/Foundation/Http/Middleware/PreventRequestsDuringMaintenance.php(86): Illuminate\\Pipeline\\Pipeline->Illuminate\\Pipeline\\{closure}()
#28 /home/adglob-odclient/htdocs/odclient.adglob.in/vendor/laravel/framework/src/Illuminate/Pipeline/Pipeline.php(167): Illuminate\\Foundation\\Http\\Middleware\\PreventRequestsDuringMaintenance->handle()
#29 /home/adglob-odclient/htdocs/odclient.adglob.in/vendor/fruitcake/laravel-cors/src/HandleCors.php(52): Illuminate\\Pipeline\\Pipeline->Illuminate\\Pipeline\\{closure}()
#30 /home/adglob-odclient/htdocs/odclient.adglob.in/vendor/laravel/framework/src/Illuminate/Pipeline/Pipeline.php(167): Fruitcake\\Cors\\HandleCors->handle()
#31 /home/adglob-odclient/htdocs/odclient.adglob.in/vendor/fideloper/proxy/src/TrustProxies.php(57): Illuminate\\Pipeline\\Pipeline->Illuminate\\Pipeline\\{closure}()
#32 /home/adglob-odclient/htdocs/odclient.adglob.in/vendor/laravel/framework/src/Illuminate/Pipeline/Pipeline.php(167): Fideloper\\Proxy\\TrustProxies->handle()
#33 /home/adglob-odclient/htdocs/odclient.adglob.in/vendor/laravel/framework/src/Illuminate/Pipeline/Pipeline.php(103): Illuminate\\Pipeline\\Pipeline->Illuminate\\Pipeline\\{closure}()
#34 /home/adglob-odclient/htdocs/odclient.adglob.in/vendor/laravel/framework/src/Illuminate/Foundation/Http/Kernel.php(142): Illuminate\\Pipeline\\Pipeline->then()
#35 /home/adglob-odclient/htdocs/odclient.adglob.in/vendor/laravel/framework/src/Illuminate/Foundation/Http/Kernel.php(111): Illuminate\\Foundation\\Http\\Kernel->sendRequestThroughRouter()
#36 /home/adglob-odclient/htdocs/odclient.adglob.in/index.php(103): Illuminate\\Foundation\\Http\\Kernel->handle()
#37 {main}
"} 
[2026-08-10 11:23:01] local.INFO: release hold seats  
[2026-08-10 11:23:01] local.INFO: array (
  'success' => true,
  'released' => 0,
)  
[2026-08-10 11:24:01] local.INFO: release hold seats  
[2026-08-10 11:24:01] local.INFO: array (
  'success' => true,
  'released' => 0,
)  
[2026-08-10 11:25:01] local.INFO: release hold seats  
[2026-08-10 11:25:01] local.INFO: array (
  'success' => true,
  'released' => 0,
)  
[2026-08-10 11:26:01] local.INFO: release hold seats  
[2026-08-10 11:26:01] local.INFO: array (
  'success' => true,
  'released' => 0,
)  
[2026-08-10 11:27:01] local.INFO: release hold seats  
[2026-08-10 11:27:01] local.INFO: array (
  'success' => true,
  'released' => 0,
)  
[2026-08-10 11:28:01] local.INFO: release hold seats  
[2026-08-10 11:28:01] local.INFO: array (
  'success' => true,
  'released' => 0,
)  
[2026-08-10 11:29:01] local.INFO: release hold seats  
[2026-08-10 11:29:01] local.INFO: array (
  'success' => true,
  'released' => 0,
)  
[2026-08-10 11:30:01] local.INFO: release hold seats  
[2026-08-10 11:30:01] local.INFO: array (
  'success' => true,
  'released' => 0,
)  
[2026-08-10 11:31:01] local.INFO: release hold seats  
[2026-08-10 11:31:01] local.INFO: array (
  'success' => true,
  'released' => 0,
)  
[2026-08-10 11:32:01] local.INFO: release hold seats  
[2026-08-10 11:32:01] local.INFO: array (
  'success' => true,
  'released' => 0,
)  
[2026-08-10 11:33:01] local.INFO: release hold seats  
[2026-08-10 11:33:01] local.INFO: array (
  'success' => true,
  'released' => 0,
)  
[2026-08-10 11:34:01] local.INFO: release hold seats  
[2026-08-10 11:34:01] local.INFO: array (
  'success' => true,
  'released' => 0,
)  
[2026-08-10 11:35:01] local.INFO: release hold seats  
[2026-08-10 11:35:01] local.INFO: array (
  'success' => true,
  'released' => 0,
)  
[2026-08-10 11:36:01] local.INFO: release hold seats  
[2026-08-10 11:36:01] local.INFO: array (
  'success' => true,
  'released' => 0,
)  
[2026-08-10 11:37:01] local.INFO: release hold seats  
[2026-08-10 11:37:01] local.INFO: array (
  'success' => true,
  'released' => 0,
)  
[2026-08-10 11:38:01] local.INFO: release hold seats  
[2026-08-10 11:38:01] local.INFO: array (
  'success' => true,
  'released' => 0,
)  
[2026-08-10 11:39:01] local.INFO: release hold seats  
[2026-08-10 11:39:01] local.INFO: array (
  'success' => true,
  'released' => 0,
)  
[2026-08-10 11:40:01] local.INFO: release hold seats  
[2026-08-10 11:40:01] local.INFO: array (
  'success' => true,
  'released' => 0,
)  
[2026-08-10 11:41:01] local.INFO: release hold seats  
[2026-08-10 11:41:01] local.INFO: array (
  'success' => true,
  'released' => 0,
)  
[2026-08-10 11:42:01] local.INFO: release hold seats  
[2026-08-10 11:42:01] local.INFO: array (
  'success' => true,
  'released' => 0,
)  
[2026-08-10 11:43:01] local.INFO: release hold seats  
[2026-08-10 11:43:01] local.INFO: array (
  'success' => true,
  'released' => 0,
)  
[2026-08-10 11:44:02] local.INFO: release hold seats  
[2026-08-10 11:44:02] local.INFO: array (
  'success' => true,
  'released' => 0,
)  
[2026-08-10 11:45:01] local.INFO: release hold seats  
[2026-08-10 11:45:01] local.INFO: array (
  'success' => true,
  'released' => 0,
)  
[2026-08-10 11:46:01] local.INFO: release hold seats  
[2026-08-10 11:46:01] local.INFO: array (
  'success' => true,
  'released' => 0,
)  
[2026-08-10 11:47:01] local.INFO: release hold seats  
[2026-08-10 11:47:01] local.INFO: array (
  'success' => true,
  'released' => 0,
)  
[2026-08-10 11:48:01] local.INFO: release hold seats  
[2026-08-10 11:48:01] local.INFO: array (
  'success' => true,
  'released' => 0,
)  
[2026-08-10 11:49:01] local.INFO: release hold seats  
[2026-08-10 11:49:01] local.INFO: array (
  'success' => true,
  'released' => 0,
)  
[2026-08-10 11:50:01] local.INFO: release hold seats  
[2026-08-10 11:50:01] local.INFO: array (
  'success' => true,
  'released' => 0,
)  
[2026-08-10 11:51:01] local.INFO: release hold seats  
[2026-08-10 11:51:01] local.INFO: array (
  'success' => true,
  'released' => 0,
)  
[2026-08-10 11:52:01] local.INFO: release hold seats  
[2026-08-10 11:52:01] local.INFO: array (
  'success' => true,
  'released' => 0,
)  
[2026-08-10 11:53:01] local.INFO: release hold seats  
[2026-08-10 11:53:01] local.INFO: array (
  'success' => true,
  'released' => 0,
)  
[2026-08-10 11:54:01] local.INFO: release hold seats  
[2026-08-10 11:54:01] local.INFO: array (
  'success' => true,
  'released' => 0,
)  
[2026-08-10 11:55:01] local.INFO: release hold seats  
[2026-08-10 11:55:01] local.INFO: array (
  'success' => true,
  'released' => 0,
)  
[2026-08-10 11:56:01] local.INFO: release hold seats  
[2026-08-10 11:56:01] local.INFO: array (
  'success' => true,
  'released' => 0,
)  
[2026-08-10 11:57:01] local.INFO: release hold seats  
[2026-08-10 11:57:01] local.INFO: array (
  'success' => true,
  'released' => 0,
)  
[2026-08-10 11:58:01] local.INFO: release hold seats  
[2026-08-10 11:58:01] local.INFO: array (
  'success' => true,
  'released' => 0,
)  
[2026-08-10 11:59:01] local.INFO: release hold seats  
[2026-08-10 11:59:01] local.INFO: array (
  'success' => true,
  'released' => 0,
)  
[2026-08-10 12:00:02] local.INFO: release hold seats  
[2026-08-10 12:00:02] local.INFO: array (
  'success' => true,
  'released' => 0,
)  
[2026-08-10 12:01:01] local.INFO: release hold seats  
[2026-08-10 12:01:01] local.INFO: array (
  'success' => true,
  'released' => 0,
)  
[2026-08-10 12:02:01] local.INFO: release hold seats  
[2026-08-10 12:02:01] local.INFO: array (
  'success' => true,
  'released' => 0,
)  
[2026-08-10 12:03:01] local.INFO: release hold seats  
[2026-08-10 12:03:01] local.INFO: array (
  'success' => true,
  'released' => 0,
)  
[2026-08-10 12:04:02] local.INFO: release hold seats  
[2026-08-10 12:04:02] local.INFO: array (
  'success' => true,
  'released' => 0,
)  
[2026-08-10 12:05:01] local.INFO: release hold seats  
[2026-08-10 12:05:01] local.INFO: array (
  'success' => true,
  'released' => 0,
)  
[2026-08-10 12:06:01] local.INFO: release hold seats  
[2026-08-10 12:06:01] local.INFO: array (
  'success' => true,
  'released' => 0,
)  
[2026-08-10 12:07:01] local.INFO: release hold seats  
[2026-08-10 12:07:01] local.INFO: array (
  'success' => true,
  'released' => 0,
)  
[2026-08-10 12:08:01] local.INFO: release hold seats  
[2026-08-10 12:08:01] local.INFO: array (
  'success' => true,
  'released' => 0,
)  
[2026-08-10 12:09:01] local.INFO: release hold seats  
[2026-08-10 12:09:01] local.INFO: array (
  'success' => true,
  'released' => 0,
)  
[2026-08-10 12:10:01] local.INFO: release hold seats  
[2026-08-10 12:10:01] local.INFO: array (
  'success' => true,
  'released' => 0,
)  
[2026-08-10 12:11:01] local.INFO: release hold seats  
[2026-08-10 12:11:01] local.INFO: array (
  'success' => true,
  'released' => 0,
)  
[2026-08-10 12:12:01] local.INFO: release hold seats  
[2026-08-10 12:12:01] local.INFO: array (
  'success' => true,
  'released' => 0,
)  
[2026-08-10 12:13:02] local.INFO: release hold seats  
[2026-08-10 12:13:02] local.INFO: array (
  'success' => true,
  'released' => 0,
)  
[2026-08-10 12:14:01] local.INFO: release hold seats  
[2026-08-10 12:14:01] local.INFO: array (
  'success' => true,
  'released' => 0,
)  
[2026-08-10 12:15:01] local.INFO: release hold seats  
[2026-08-10 12:15:01] local.INFO: array (
  'success' => true,
  'released' => 0,
)  
[2026-08-10 12:16:01] local.INFO: release hold seats  
[2026-08-10 12:16:01] local.INFO: array (
  'success' => true,
  'released' => 0,
)  
[2026-08-10 12:17:01] local.INFO: release hold seats  
[2026-08-10 12:17:01] local.INFO: array (
  'success' => true,
  'released' => 0,
)  
[2026-08-10 12:18:01] local.INFO: release hold seats  
[2026-08-10 12:18:01] local.INFO: array (
  'success' => true,
  'released' => 0,
)  
[2026-08-10 12:19:02] local.INFO: release hold seats  
[2026-08-10 12:19:02] local.INFO: array (
  'success' => true,
  'released' => 0,
)  
[2026-08-10 12:20:01] local.INFO: release hold seats  
[2026-08-10 12:20:01] local.INFO: array (
  'success' => true,
  'released' => 0,
)  
[2026-08-10 12:21:01] local.INFO: release hold seats  
[2026-08-10 12:21:01] local.INFO: array (
  'success' => true,
  'released' => 0,
)  
[2026-08-10 12:22:01] local.INFO: release hold seats  
[2026-08-10 12:22:01] local.INFO: array (
  'success' => true,
  'released' => 0,
)  
[2026-08-10 12:23:01] local.INFO: release hold seats  
[2026-08-10 12:23:01] local.INFO: array (
  'success' => true,
  'released' => 0,
)  
[2026-08-10 12:24:01] local.INFO: release hold seats  
[2026-08-10 12:24:01] local.INFO: array (
  'success' => true,
  'released' => 0,
)  
[2026-08-10 12:25:01] local.INFO: release hold seats  
[2026-08-10 12:25:01] local.INFO: array (
  'success' => true,
  'released' => 0,
)  
[2026-08-10 12:26:01] local.INFO: release hold seats  
[2026-08-10 12:26:01] local.INFO: array (
  'success' => true,
  'released' => 0,
)  
[2026-08-10 12:27:01] local.INFO: release hold seats  
[2026-08-10 12:27:01] local.INFO: array (
  'success' => true,
  'released' => 0,
)  
[2026-08-10 12:28:01] local.INFO: release hold seats  
[2026-08-10 12:28:01] local.INFO: array (
  'success' => true,
  'released' => 0,
)  
[2026-08-10 12:29:01] local.INFO: release hold seats  
[2026-08-10 12:29:01] local.INFO: array (
  'success' => true,
  'released' => 0,
)  
[2026-08-10 12:30:02] local.INFO: release hold seats  
[2026-08-10 12:30:02] local.INFO: array (
  'success' => true,
  'released' => 0,
)  
[2026-08-10 12:31:01] local.INFO: release hold seats  
[2026-08-10 12:31:01] local.INFO: array (
  'success' => true,
  'released' => 0,
)  
[2026-08-10 12:32:01] local.INFO: release hold seats  
[2026-08-10 12:32:01] local.INFO: array (
  'success' => true,
  'released' => 0,
)  
[2026-08-10 12:33:02] local.INFO: release hold seats  
[2026-08-10 12:33:02] local.INFO: array (
  'success' => true,
  'released' => 0,
)  
[2026-08-10 12:34:01] local.INFO: release hold seats  
[2026-08-10 12:34:01] local.INFO: array (
  'success' => true,
  'released' => 0,
)  
[2026-08-10 12:35:01] local.INFO: release hold seats  
[2026-08-10 12:35:01] local.INFO: array (
  'success' => true,
  'released' => 0,
)  
[2026-08-10 12:36:01] local.INFO: release hold seats  
[2026-08-10 12:36:01] local.INFO: array (
  'success' => true,
  'released' => 0,
)  
[2026-08-10 12:37:01] local.INFO: release hold seats  
[2026-08-10 12:37:01] local.INFO: array (
  'success' => true,
  'released' => 0,
)  
[2026-08-10 12:38:01] local.INFO: release hold seats  
[2026-08-10 12:38:01] local.INFO: array (
  'success' => true,
  'released' => 0,
)  
[2026-08-10 12:39:01] local.INFO: release hold seats  
[2026-08-10 12:39:01] local.INFO: array (
  'success' => true,
  'released' => 0,
)  
[2026-08-10 12:40:01] local.INFO: release hold seats  
[2026-08-10 12:40:01] local.INFO: array (
  'success' => true,
  'released' => 0,
)  
[2026-08-10 12:41:01] local.INFO: release hold seats  
[2026-08-10 12:41:01] local.INFO: array (
  'success' => true,
  'released' => 0,
)  
[2026-08-10 12:42:01] local.INFO: release hold seats  
[2026-08-10 12:42:01] local.INFO: array (
  'success' => true,
  'released' => 0,
)  
[2026-08-10 12:43:01] local.INFO: release hold seats  
[2026-08-10 12:43:01] local.INFO: array (
  'success' => true,
  'released' => 0,
)  
[2026-08-10 12:44:01] local.INFO: release hold seats  
[2026-08-10 12:44:01] local.INFO: array (
  'success' => true,
  'released' => 0,
)  
[2026-08-10 12:45:01] local.INFO: release hold seats  
[2026-08-10 12:45:01] local.INFO: array (
  'success' => true,
  'released' => 0,
)  
[2026-08-10 12:46:01] local.INFO: release hold seats  
[2026-08-10 12:46:01] local.INFO: array (
  'success' => true,
  'released' => 0,
)  
[2026-08-10 12:47:01] local.INFO: release hold seats  
[2026-08-10 12:47:01] local.INFO: array (
  'success' => true,
  'released' => 0,
)  
[2026-08-10 12:48:01] local.INFO: release hold seats  
[2026-08-10 12:48:01] local.INFO: array (
  'success' => true,
  'released' => 0,
)  
[2026-08-10 12:49:01] local.INFO: release hold seats  
[2026-08-10 12:49:01] local.INFO: array (
  'success' => true,
  'released' => 0,
)  
[2026-08-10 12:50:01] local.INFO: release hold seats  
[2026-08-10 12:50:01] local.INFO: array (
  'success' => true,
  'released' => 0,
)  
[2026-08-10 12:51:01] local.INFO: release hold seats  
[2026-08-10 12:51:01] local.INFO: array (
  'success' => true,
  'released' => 0,
)  
[2026-08-10 12:52:02] local.INFO: release hold seats  
[2026-08-10 12:52:02] local.INFO: array (
  'success' => true,
  'released' => 0,
)  
[2026-08-10 12:53:01] local.INFO: release hold seats  
[2026-08-10 12:53:01] local.INFO: array (
  'success' => true,
  'released' => 0,
)  
[2026-08-10 12:54:01] local.INFO: release hold seats  
[2026-08-10 12:54:01] local.INFO: array (
  'success' => true,
  'released' => 0,
)  
[2026-08-10 12:55:01] local.INFO: release hold seats  
[2026-08-10 12:55:01] local.INFO: array (
  'success' => true,
  'released' => 0,
)  
[2026-08-10 12:56:01] local.INFO: release hold seats  
[2026-08-10 12:56:01] local.INFO: array (
  'success' => true,
  'released' => 0,
)  
[2026-08-10 12:57:01] local.INFO: release hold seats  
[2026-08-10 12:57:01] local.INFO: array (
  'success' => true,
  'released' => 0,
)  
[2026-08-10 12:58:01] local.INFO: release hold seats  
[2026-08-10 12:58:01] local.INFO: array (
  'success' => true,
  'released' => 0,
)  
[2026-08-10 12:59:01] local.INFO: release hold seats  
[2026-08-10 12:59:01] local.INFO: array (
  'success' => true,
  'released' => 0,
)  
[2026-08-10 13:00:01] local.INFO: release hold seats  
[2026-08-10 13:00:01] local.INFO: array (
  'success' => true,
  'released' => 0,
)  
[2026-08-10 13:01:01] local.INFO: release hold seats  
[2026-08-10 13:01:01] local.INFO: array (
  'success' => true,
  'released' => 0,
)  
[2026-08-10 13:02:01] local.INFO: release hold seats  
[2026-08-10 13:02:01] local.INFO: array (
  'success' => true,
  'released' => 0,
)  
[2026-08-10 13:03:01] local.INFO: release hold seats  
[2026-08-10 13:03:01] local.INFO: array (
  'success' => true,
  'released' => 0,
)  
[2026-08-10 13:04:01] local.INFO: release hold seats  
[2026-08-10 13:04:01] local.INFO: array (
  'success' => true,
  'released' => 0,
)  
[2026-08-10 13:05:01] local.INFO: release hold seats  
[2026-08-10 13:05:01] local.INFO: array (
  'success' => true,
  'released' => 0,
)  
[2026-08-10 13:06:01] local.INFO: release hold seats  
[2026-08-10 13:06:01] local.INFO: array (
  'success' => true,
  'released' => 0,
)  
[2026-08-10 13:07:02] local.INFO: release hold seats  
[2026-08-10 13:07:02] local.INFO: array (
  'success' => true,
  'released' => 0,
)  
[2026-08-10 13:08:01] local.INFO: release hold seats  
[2026-08-10 13:08:01] local.INFO: array (
  'success' => true,
  'released' => 0,
)  
[2026-08-10 13:09:01] local.INFO: release hold seats  
[2026-08-10 13:09:01] local.INFO: array (
  'success' => true,
  'released' => 0,
)  
[2026-08-10 13:10:01] local.INFO: release hold seats  
[2026-08-10 13:10:01] local.INFO: array (
  'success' => true,
  'released' => 0,
)  
[2026-08-10 13:11:01] local.INFO: release hold seats  
[2026-08-10 13:11:01] local.INFO: array (
  'success' => true,
  'released' => 0,
)  
[2026-08-10 13:12:01] local.INFO: release hold seats  
[2026-08-10 13:12:01] local.INFO: array (
  'success' => true,
  'released' => 0,
)  
[2026-08-10 13:13:01] local.INFO: release hold seats  
[2026-08-10 13:13:01] local.INFO: array (
  'success' => true,
  'released' => 0,
)  
[2026-08-10 13:14:01] local.INFO: release hold seats  
[2026-08-10 13:14:01] local.INFO: array (
  'success' => true,
  'released' => 0,
)  
[2026-08-10 13:15:02] local.INFO: release hold seats  
[2026-08-10 13:15:02] local.INFO: array (
  'success' => true,
  'released' => 0,
)  
[2026-08-10 13:16:01] local.INFO: release hold seats  
[2026-08-10 13:16:01] local.INFO: array (
  'success' => true,
  'released' => 0,
)  
[2026-08-10 13:17:01] local.INFO: release hold seats  
[2026-08-10 13:17:01] local.INFO: array (
  'success' => true,
  'released' => 0,
)  
[2026-08-10 13:18:02] local.INFO: release hold seats  
[2026-08-10 13:18:02] local.INFO: array (
  'success' => true,
  'released' => 0,
)  
[2026-08-10 13:19:01] local.INFO: release hold seats  
[2026-08-10 13:19:01] local.INFO: array (
  'success' => true,
  'released' => 0,
)  
[2026-08-10 13:20:01] local.INFO: release hold seats  
[2026-08-10 13:20:01] local.INFO: array (
  'success' => true,
  'released' => 0,
)  
[2026-08-10 13:21:01] local.INFO: release hold seats  
[2026-08-10 13:21:01] local.INFO: array (
  'success' => true,
  'released' => 0,
)  
[2026-08-10 13:22:01] local.INFO: release hold seats  
[2026-08-10 13:22:01] local.INFO: array (
  'success' => true,
  'released' => 0,
)  
[2026-08-10 13:23:01] local.INFO: release hold seats  
[2026-08-10 13:23:01] local.INFO: array (
  'success' => true,
  'released' => 0,
)  
[2026-08-10 13:24:01] local.INFO: release hold seats  
[2026-08-10 13:24:01] local.INFO: array (
  'success' => true,
  'released' => 0,
)  
[2026-08-10 13:25:01] local.INFO: release hold seats  
[2026-08-10 13:25:01] local.INFO: array (
  'success' => true,
  'released' => 0,
)  
[2026-08-10 13:26:01] local.INFO: release hold seats  
[2026-08-10 13:26:01] local.INFO: array (
  'success' => true,
  'released' => 0,
)  
[2026-08-10 13:27:01] local.INFO: release hold seats  
[2026-08-10 13:27:01] local.INFO: array (
  'success' => true,
  'released' => 0,
)  
[2026-08-10 13:28:01] local.INFO: release hold seats  
[2026-08-10 13:28:01] local.INFO: array (
  'success' => true,
  'released' => 0,
)  
[2026-08-10 13:29:01] local.INFO: release hold seats  
[2026-08-10 13:29:01] local.INFO: array (
  'success' => true,
  'released' => 0,
)  
[2026-08-10 13:30:01] local.INFO: release hold seats  
[2026-08-10 13:30:01] local.INFO: array (
  'success' => true,
  'released' => 0,
)  
[2026-08-10 13:31:02] local.INFO: release hold seats  
[2026-08-10 13:31:02] local.INFO: array (
  'success' => true,
  'released' => 0,
)  
[2026-08-10 13:32:01] local.INFO: release hold seats  
[2026-08-10 13:32:01] local.INFO: array (
  'success' => true,
  'released' => 0,
)  
[2026-08-10 13:33:01] local.INFO: release hold seats  
[2026-08-10 13:33:01] local.INFO: array (
  'success' => true,
  'released' => 0,
)  
[2026-08-10 13:34:01] local.INFO: release hold seats  
[2026-08-10 13:34:01] local.INFO: array (
  'success' => true,
  'released' => 0,
)  
[2026-08-10 13:35:01] local.INFO: release hold seats  
[2026-08-10 13:35:01] local.INFO: array (
  'success' => true,
  'released' => 0,
)  
[2026-08-10 13:36:01] local.INFO: release hold seats  
[2026-08-10 13:36:01] local.INFO: array (
  'success' => true,
  'released' => 0,
)  
[2026-08-10 13:37:01] local.INFO: release hold seats  
[2026-08-10 13:37:01] local.INFO: array (
  'success' => true,
  'released' => 0,
)  
[2026-08-10 13:38:01] local.INFO: release hold seats  
[2026-08-10 13:38:01] local.INFO: array (
  'success' => true,
  'released' => 0,
)  
[2026-08-10 13:39:01] local.INFO: release hold seats  
[2026-08-10 13:39:01] local.INFO: array (
  'success' => true,
  'released' => 0,
)  
[2026-08-10 13:40:01] local.INFO: release hold seats  
[2026-08-10 13:40:01] local.INFO: array (
  'success' => true,
  'released' => 0,
)  
[2026-08-10 13:41:01] local.INFO: release hold seats  
[2026-08-10 13:41:01] local.INFO: array (
  'success' => true,
  'released' => 0,
)  
[2026-08-10 13:42:02] local.INFO: release hold seats  
[2026-08-10 13:42:02] local.INFO: array (
  'success' => true,
  'released' => 0,
)  
[2026-08-10 13:43:02] local.INFO: release hold seats  
[2026-08-10 13:43:02] local.INFO: array (
  'success' => true,
  'released' => 0,
)  
[2026-08-10 13:44:01] local.INFO: release hold seats  
[2026-08-10 13:44:01] local.INFO: array (
  'success' => true,
  'released' => 0,
)  
[2026-08-10 13:45:01] local.INFO: release hold seats  
[2026-08-10 13:45:01] local.INFO: array (
  'success' => true,
  'released' => 0,
)  
[2026-08-10 13:46:01] local.INFO: release hold seats  
[2026-08-10 13:46:01] local.INFO: array (
  'success' => true,
  'released' => 0,
)  
[2026-08-10 13:47:01] local.INFO: release hold seats  
[2026-08-10 13:47:01] local.INFO: array (
  'success' => true,
  'released' => 0,
)  
[2026-08-10 13:48:01] local.INFO: release hold seats  
[2026-08-10 13:48:01] local.INFO: array (
  'success' => true,
  'released' => 0,
)  
[2026-08-10 13:49:01] local.INFO: release hold seats  
[2026-08-10 13:49:01] local.INFO: array (
  'success' => true,
  'released' => 0,
)  
[2026-08-10 13:50:01] local.INFO: release hold seats  
[2026-08-10 13:50:01] local.INFO: array (
  'success' => true,
  'released' => 0,
)  
[2026-08-10 13:51:01] local.INFO: release hold seats  
[2026-08-10 13:51:01] local.INFO: array (
  'success' => true,
  'released' => 0,
)  
[2026-08-10 13:52:01] local.INFO: release hold seats  
[2026-08-10 13:52:01] local.INFO: array (
  'success' => true,
  'released' => 0,
)  
[2026-08-10 13:53:01] local.INFO: release hold seats  
[2026-08-10 13:53:01] local.INFO: array (
  'success' => true,
  'released' => 0,
)  
[2026-08-10 13:54:01] local.INFO: release hold seats  
[2026-08-10 13:54:01] local.INFO: array (
  'success' => true,
  'released' => 0,
)  
[2026-08-10 13:55:01] local.INFO: release hold seats  
[2026-08-10 13:55:01] local.INFO: array (
  'success' => true,
  'released' => 0,
)  
[2026-08-10 13:56:01] local.INFO: release hold seats  
[2026-08-10 13:56:01] local.INFO: array (
  'success' => true,
  'released' => 0,
)  
[2026-08-10 13:57:01] local.INFO: release hold seats  
[2026-08-10 13:57:01] local.INFO: array (
  'success' => true,
  'released' => 0,
)  
[2026-08-10 13:58:01] local.INFO: release hold seats  
[2026-08-10 13:58:01] local.INFO: array (
  'success' => true,
  'released' => 0,
)  
[2026-08-10 13:59:01] local.INFO: release hold seats  
[2026-08-10 13:59:01] local.INFO: array (
  'success' => true,
  'released' => 0,
)  
[2026-08-10 14:00:01] local.INFO: release hold seats  
[2026-08-10 14:00:01] local.INFO: array (
  'success' => true,
  'released' => 0,
)  
[2026-08-10 14:01:01] local.INFO: release hold seats  
[2026-08-10 14:01:01] local.INFO: array (
  'success' => true,
  'released' => 0,
)  
[2026-08-10 14:02:01] local.INFO: release hold seats  
[2026-08-10 14:02:01] local.INFO: array (
  'success' => true,
  'released' => 0,
)  
[2026-08-10 14:03:02] local.INFO: release hold seats  
[2026-08-10 14:03:02] local.INFO: array (
  'success' => true,
  'released' => 0,
)  
[2026-08-10 14:04:01] local.INFO: release hold seats  
[2026-08-10 14:04:01] local.INFO: array (
  'success' => true,
  'released' => 0,
)  
[2026-08-10 14:05:01] local.INFO: release hold seats  
[2026-08-10 14:05:01] local.INFO: array (
  'success' => true,
  'released' => 0,
)  
[2026-08-10 14:06:01] local.INFO: release hold seats  
[2026-08-10 14:06:01] local.INFO: array (
  'success' => true,
  'released' => 0,
)  
[2026-08-10 14:07:02] local.INFO: release hold seats  
[2026-08-10 14:07:02] local.INFO: array (
  'success' => true,
  'released' => 0,
)  
[2026-08-10 14:08:01] local.INFO: release hold seats  
[2026-08-10 14:08:01] local.INFO: array (
  'success' => true,
  'released' => 0,
)  
[2026-08-10 14:09:01] local.INFO: release hold seats  
[2026-08-10 14:09:01] local.INFO: array (
  'success' => true,
  'released' => 0,
)  
[2026-08-10 14:10:01] local.INFO: release hold seats  
[2026-08-10 14:10:01] local.INFO: array (
  'success' => true,
  'released' => 0,
)  
[2026-08-10 14:11:01] local.INFO: release hold seats  
[2026-08-10 14:11:01] local.INFO: array (
  'success' => true,
  'released' => 0,
)  
[2026-08-10 14:12:01] local.INFO: release hold seats  
[2026-08-10 14:12:01] local.INFO: array (
  'success' => true,
  'released' => 0,
)  
[2026-08-10 14:13:01] local.INFO: release hold seats  
[2026-08-10 14:13:01] local.INFO: array (
  'success' => true,
  'released' => 0,
)  
[2026-08-10 14:14:01] local.INFO: release hold seats  
[2026-08-10 14:14:01] local.INFO: array (
  'success' => true,
  'released' => 0,
)  
[2026-08-10 14:15:01] local.INFO: release hold seats  
[2026-08-10 14:15:01] local.INFO: array (
  'success' => true,
  'released' => 0,
)  
[2026-08-10 14:16:01] local.INFO: release hold seats  
[2026-08-10 14:16:01] local.INFO: array (
  'success' => true,
  'released' => 0,
)  
[2026-08-10 14:17:01] local.INFO: release hold seats  
[2026-08-10 14:17:01] local.INFO: array (
  'success' => true,
  'released' => 0,
)  
[2026-08-10 14:18:01] local.INFO: release hold seats  
[2026-08-10 14:18:01] local.INFO: array (
  'success' => true,
  'released' => 0,
)  
[2026-08-10 14:19:01] local.INFO: release hold seats  
[2026-08-10 14:19:01] local.INFO: array (
  'success' => true,
  'released' => 0,
)  
[2026-08-10 14:20:01] local.INFO: release hold seats  
[2026-08-10 14:20:01] local.INFO: array (
  'success' => true,
  'released' => 0,
)  
[2026-08-10 14:21:01] local.INFO: release hold seats  
[2026-08-10 14:21:01] local.INFO: array (
  'success' => true,
  'released' => 0,
)  
[2026-08-10 14:22:01] local.INFO: release hold seats  
[2026-08-10 14:22:01] local.INFO: array (
  'success' => true,
  'released' => 0,
)  
[2026-08-10 14:23:01] local.INFO: release hold seats  
[2026-08-10 14:23:01] local.INFO: array (
  'success' => true,
  'released' => 0,
)  
[2026-08-10 14:24:01] local.INFO: release hold seats  
[2026-08-10 14:24:01] local.INFO: array (
  'success' => true,
  'released' => 0,
)  
[2026-08-10 14:25:02] local.INFO: release hold seats  
[2026-08-10 14:25:02] local.INFO: array (
  'success' => true,
  'released' => 0,
)  
[2026-08-10 14:26:01] local.INFO: release hold seats  
[2026-08-10 14:26:01] local.INFO: array (
  'success' => true,
  'released' => 0,
)  
[2026-08-10 14:27:01] local.INFO: release hold seats  
[2026-08-10 14:27:01] local.INFO: array (
  'success' => true,
  'released' => 0,
)  
[2026-08-10 14:28:01] local.INFO: release hold seats  
[2026-08-10 14:28:01] local.INFO: array (
  'success' => true,
  'released' => 0,
)  
[2026-08-10 14:29:01] local.INFO: release hold seats  
[2026-08-10 14:29:01] local.INFO: array (
  'success' => true,
  'released' => 0,
)  
[2026-08-10 14:30:03] local.INFO: release hold seats  
[2026-08-10 14:30:03] local.INFO: array (
  'success' => true,
  'released' => 0,
)  
[2026-08-10 14:31:01] local.INFO: release hold seats  
[2026-08-10 14:31:01] local.INFO: array (
  'success' => true,
  'released' => 0,
)  
[2026-08-10 14:32:01] local.INFO: release hold seats  
[2026-08-10 14:32:01] local.INFO: array (
  'success' => true,
  'released' => 0,
)  
[2026-08-10 14:33:01] local.INFO: release hold seats  
[2026-08-10 14:33:01] local.INFO: array (
  'success' => true,
  'released' => 0,
)  
[2026-08-10 14:34:01] local.INFO: release hold seats  
[2026-08-10 14:34:01] local.INFO: array (
  'success' => true,
  'released' => 0,
)  
[2026-08-10 14:35:01] local.INFO: release hold seats  
[2026-08-10 14:35:01] local.INFO: array (
  'success' => true,
  'released' => 0,
)  
[2026-08-10 14:36:01] local.INFO: release hold seats  
[2026-08-10 14:36:01] local.INFO: array (
  'success' => true,
  'released' => 0,
)  
[2026-08-10 14:37:01] local.INFO: release hold seats  
[2026-08-10 14:37:01] local.INFO: array (
  'success' => true,
  'released' => 0,
)  
[2026-08-10 14:38:01] local.INFO: release hold seats  
[2026-08-10 14:38:01] local.INFO: array (
  'success' => true,
  'released' => 0,
)  
[2026-08-10 14:39:01] local.INFO: release hold seats  
[2026-08-10 14:39:01] local.INFO: array (
  'success' => true,
  'released' => 0,
)  
[2026-08-10 14:40:01] local.INFO: release hold seats  
[2026-08-10 14:40:01] local.INFO: array (
  'success' => true,
  'released' => 0,
)  
[2026-08-10 14:41:01] local.INFO: release hold seats  
[2026-08-10 14:41:01] local.INFO: array (
  'success' => true,
  'released' => 0,
)  
[2026-08-10 14:42:01] local.INFO: release hold seats  
[2026-08-10 14:42:01] local.INFO: array (
  'success' => true,
  'released' => 0,
)  
[2026-08-10 14:43:01] local.INFO: release hold seats  
[2026-08-10 14:43:01] local.INFO: array (
  'success' => true,
  'released' => 0,
)  
[2026-08-10 14:44:01] local.INFO: release hold seats  
[2026-08-10 14:44:01] local.INFO: array (
  'success' => true,
  'released' => 0,
)  
[2026-08-10 14:45:01] local.INFO: release hold seats  
[2026-08-10 14:45:01] local.INFO: array (
  'success' => true,
  'released' => 0,
)  
[2026-08-10 14:46:01] local.INFO: release hold seats  
[2026-08-10 14:46:01] local.INFO: array (
  'success' => true,
  'released' => 0,
)  
[2026-08-10 14:47:01] local.INFO: release hold seats  
[2026-08-10 14:47:01] local.INFO: array (
  'success' => true,
  'released' => 0,
)  
[2026-08-10 14:48:02] local.INFO: release hold seats  
[2026-08-10 14:48:02] local.INFO: array (
  'success' => true,
  'released' => 0,
)  
[2026-08-10 14:49:01] local.INFO: release hold seats  
[2026-08-10 14:49:01] local.INFO: array (
  'success' => true,
  'released' => 0,
)  
[2026-08-10 14:50:01] local.INFO: release hold seats  
[2026-08-10 14:50:01] local.INFO: array (
  'success' => true,
  'released' => 0,
)  
[2026-08-10 14:51:01] local.INFO: release hold seats  
[2026-08-10 14:51:01] local.INFO: array (
  'success' => true,
  'released' => 0,
)  
[2026-08-10 14:52:01] local.INFO: release hold seats  
[2026-08-10 14:52:01] local.INFO: array (
  'success' => true,
  'released' => 0,
)  
[2026-08-10 14:53:01] local.INFO: release hold seats  
[2026-08-10 14:53:01] local.INFO: array (
  'success' => true,
  'released' => 0,
)  
[2026-08-10 14:54:01] local.INFO: release hold seats  
[2026-08-10 14:54:01] local.INFO: array (
  'success' => true,
  'released' => 0,
)  
[2026-08-10 14:55:01] local.INFO: release hold seats  
[2026-08-10 14:55:01] local.INFO: array (
  'success' => true,
  'released' => 0,
)  
[2026-08-10 14:56:01] local.INFO: release hold seats  
[2026-08-10 14:56:01] local.INFO: array (
  'success' => true,
  'released' => 0,
)  
[2026-08-10 14:57:01] local.INFO: release hold seats  
[2026-08-10 14:57:01] local.INFO: array (
  'success' => true,
  'released' => 0,
)  
[2026-08-10 14:58:02] local.INFO: release hold seats  
[2026-08-10 14:58:02] local.INFO: array (
  'success' => true,
  'released' => 0,
)  
[2026-08-10 14:58:55] local.INFO: PDF Generated Successfully  
[2026-08-10 14:59:01] local.INFO: release hold seats  
[2026-08-10 14:59:01] local.INFO: array (
  'success' => true,
  'released' => 0,
)  
[2026-08-10 14:59:27] local.INFO: Unable to open file for reading [https://odclient.adglob.in/ticketpdf/ODW22733B53.pdf]  
[2026-08-10 14:59:27] local.ERROR: Invalid Argument Passed {"exception":"[object] (InvalidArgumentException(code: 0): Invalid Argument Passed at /home/adglob-odclient/htdocs/odclient.adglob.in/app/Services/ChannelService.php:739)
[stacktrace]
#0 /home/adglob-odclient/htdocs/odclient.adglob.in/app/Http/Controllers/ChannelController.php(589): App\\Services\\ChannelService->pay()
#1 /home/adglob-odclient/htdocs/odclient.adglob.in/vendor/laravel/framework/src/Illuminate/Routing/Controller.php(54): App\\Http\\Controllers\\ChannelController->Webhook()
#2 /home/adglob-odclient/htdocs/odclient.adglob.in/vendor/laravel/framework/src/Illuminate/Routing/ControllerDispatcher.php(45): Illuminate\\Routing\\Controller->callAction()
#3 /home/adglob-odclient/htdocs/odclient.adglob.in/vendor/laravel/framework/src/Illuminate/Routing/Route.php(262): Illuminate\\Routing\\ControllerDispatcher->dispatch()
#4 /home/adglob-odclient/htdocs/odclient.adglob.in/vendor/laravel/framework/src/Illuminate/Routing/Route.php(205): Illuminate\\Routing\\Route->runController()
#5 /home/adglob-odclient/htdocs/odclient.adglob.in/vendor/laravel/framework/src/Illuminate/Routing/Router.php(721): Illuminate\\Routing\\Route->run()
#6 /home/adglob-odclient/htdocs/odclient.adglob.in/vendor/laravel/framework/src/Illuminate/Pipeline/Pipeline.php(128): Illuminate\\Routing\\Router->Illuminate\\Routing\\{closure}()
#7 /home/adglob-odclient/htdocs/odclient.adglob.in/vendor/laravel/framework/src/Illuminate/Pipeline/Pipeline.php(103): Illuminate\\Pipeline\\Pipeline->Illuminate\\Pipeline\\{closure}()
#8 /home/adglob-odclient/htdocs/odclient.adglob.in/vendor/laravel/framework/src/Illuminate/Routing/Router.php(723): Illuminate\\Pipeline\\Pipeline->then()
#9 /home/adglob-odclient/htdocs/odclient.adglob.in/vendor/laravel/framework/src/Illuminate/Routing/Router.php(698): Illuminate\\Routing\\Router->runRouteWithinStack()
#10 /home/adglob-odclient/htdocs/odclient.adglob.in/vendor/laravel/framework/src/Illuminate/Routing/Router.php(662): Illuminate\\Routing\\Router->runRoute()
#11 /home/adglob-odclient/htdocs/odclient.adglob.in/vendor/laravel/framework/src/Illuminate/Routing/Router.php(651): Illuminate\\Routing\\Router->dispatchToRoute()
#12 /home/adglob-odclient/htdocs/odclient.adglob.in/vendor/laravel/framework/src/Illuminate/Foundation/Http/Kernel.php(167): Illuminate\\Routing\\Router->dispatch()
#13 /home/adglob-odclient/htdocs/odclient.adglob.in/vendor/laravel/framework/src/Illuminate/Pipeline/Pipeline.php(128): Illuminate\\Foundation\\Http\\Kernel->Illuminate\\Foundation\\Http\\{closure}()
#14 /home/adglob-odclient/htdocs/odclient.adglob.in/vendor/laravel/framework/src/Illuminate/View/Middleware/ShareErrorsFromSession.php(49): Illuminate\\Pipeline\\Pipeline->Illuminate\\Pipeline\\{closure}()
#15 /home/adglob-odclient/htdocs/odclient.adglob.in/vendor/laravel/framework/src/Illuminate/Pipeline/Pipeline.php(167): Illuminate\\View\\Middleware\\ShareErrorsFromSession->handle()
#16 /home/adglob-odclient/htdocs/odclient.adglob.in/vendor/laravel/framework/src/Illuminate/Session/Middleware/StartSession.php(121): Illuminate\\Pipeline\\Pipeline->Illuminate\\Pipeline\\{closure}()
#17 /home/adglob-odclient/htdocs/odclient.adglob.in/vendor/laravel/framework/src/Illuminate/Session/Middleware/StartSession.php(64): Illuminate\\Session\\Middleware\\StartSession->handleStatefulRequest()
#18 /home/adglob-odclient/htdocs/odclient.adglob.in/vendor/laravel/framework/src/Illuminate/Pipeline/Pipeline.php(167): Illuminate\\Session\\Middleware\\StartSession->handle()
#19 /home/adglob-odclient/htdocs/odclient.adglob.in/vendor/laravel/framework/src/Illuminate/Foundation/Http/Middleware/TransformsRequest.php(21): Illuminate\\Pipeline\\Pipeline->Illuminate\\Pipeline\\{closure}()
#20 /home/adglob-odclient/htdocs/odclient.adglob.in/vendor/laravel/framework/src/Illuminate/Foundation/Http/Middleware/ConvertEmptyStringsToNull.php(31): Illuminate\\Foundation\\Http\\Middleware\\TransformsRequest->handle()
#21 /home/adglob-odclient/htdocs/odclient.adglob.in/vendor/laravel/framework/src/Illuminate/Pipeline/Pipeline.php(167): Illuminate\\Foundation\\Http\\Middleware\\ConvertEmptyStringsToNull->handle()
#22 /home/adglob-odclient/htdocs/odclient.adglob.in/vendor/laravel/framework/src/Illuminate/Foundation/Http/Middleware/TransformsRequest.php(21): Illuminate\\Pipeline\\Pipeline->Illuminate\\Pipeline\\{closure}()
#23 /home/adglob-odclient/htdocs/odclient.adglob.in/vendor/laravel/framework/src/Illuminate/Foundation/Http/Middleware/TrimStrings.php(40): Illuminate\\Foundation\\Http\\Middleware\\TransformsRequest->handle()
#24 /home/adglob-odclient/htdocs/odclient.adglob.in/vendor/laravel/framework/src/Illuminate/Pipeline/Pipeline.php(167): Illuminate\\Foundation\\Http\\Middleware\\TrimStrings->handle()
#25 /home/adglob-odclient/htdocs/odclient.adglob.in/vendor/laravel/framework/src/Illuminate/Foundation/Http/Middleware/ValidatePostSize.php(27): Illuminate\\Pipeline\\Pipeline->Illuminate\\Pipeline\\{closure}()
#26 /home/adglob-odclient/htdocs/odclient.adglob.in/vendor/laravel/framework/src/Illuminate/Pipeline/Pipeline.php(167): Illuminate\\Foundation\\Http\\Middleware\\ValidatePostSize->handle()
#27 /home/adglob-odclient/htdocs/odclient.adglob.in/vendor/laravel/framework/src/Illuminate/Foundation/Http/Middleware/PreventRequestsDuringMaintenance.php(86): Illuminate\\Pipeline\\Pipeline->Illuminate\\Pipeline\\{closure}()
#28 /home/adglob-odclient/htdocs/odclient.adglob.in/vendor/laravel/framework/src/Illuminate/Pipeline/Pipeline.php(167): Illuminate\\Foundation\\Http\\Middleware\\PreventRequestsDuringMaintenance->handle()
#29 /home/adglob-odclient/htdocs/odclient.adglob.in/vendor/fruitcake/laravel-cors/src/HandleCors.php(52): Illuminate\\Pipeline\\Pipeline->Illuminate\\Pipeline\\{closure}()
#30 /home/adglob-odclient/htdocs/odclient.adglob.in/vendor/laravel/framework/src/Illuminate/Pipeline/Pipeline.php(167): Fruitcake\\Cors\\HandleCors->handle()
#31 /home/adglob-odclient/htdocs/odclient.adglob.in/vendor/fideloper/proxy/src/TrustProxies.php(57): Illuminate\\Pipeline\\Pipeline->Illuminate\\Pipeline\\{closure}()
#32 /home/adglob-odclient/htdocs/odclient.adglob.in/vendor/laravel/framework/src/Illuminate/Pipeline/Pipeline.php(167): Fideloper\\Proxy\\TrustProxies->handle()
#33 /home/adglob-odclient/htdocs/odclient.adglob.in/vendor/laravel/framework/src/Illuminate/Pipeline/Pipeline.php(103): Illuminate\\Pipeline\\Pipeline->Illuminate\\Pipeline\\{closure}()
#34 /home/adglob-odclient/htdocs/odclient.adglob.in/vendor/laravel/framework/src/Illuminate/Foundation/Http/Kernel.php(142): Illuminate\\Pipeline\\Pipeline->then()
#35 /home/adglob-odclient/htdocs/odclient.adglob.in/vendor/laravel/framework/src/Illuminate/Foundation/Http/Kernel.php(111): Illuminate\\Foundation\\Http\\Kernel->sendRequestThroughRouter()
#36 /home/adglob-odclient/htdocs/odclient.adglob.in/index.php(103): Illuminate\\Foundation\\Http\\Kernel->handle()
#37 {main}
"} 
[2026-08-10 15:00:02] local.INFO: release hold seats  
[2026-08-10 15:00:02] local.INFO: array (
  'success' => true,
  'released' => 0,
)  
[2026-08-10 15:01:01] local.INFO: release hold seats  
[2026-08-10 15:01:01] local.INFO: array (
  'success' => true,
  'released' => 0,
)  
[2026-08-10 15:02:01] local.INFO: release hold seats  
[2026-08-10 15:02:01] local.INFO: array (
  'success' => true,
  'released' => 0,
)  
